home_goals,away_goals,result,home_goals_scored_avg,home_goals_conceded_avg,home_form,home_wins,home_draws,home_losses,away_goals_scored_avg,away_goals_conceded_avg,away_form,away_wins,away_draws,away_losses,h2h_home_wins,h2h_away_wins,h2h_draws,home_team,away_team,date
0,3,AWAY_WIN,0.0,0.0,0.0,0,0,0,0.0,0.0,0.0,0,0,0,0,0,0,Burnley FC,Manchester City FC,2023-08-11
2,1,HOME_WIN,0.0,0.0,0.0,0,0,0,0.0,0.0,0.0,0,0,0,0,0,0,Arsenal FC,Nottingham Forest FC,2023-08-12
1,1,DRAW,0.0,0.0,0.0,0,0,0,0.0,0.0,0.0,0,0,0,0,0,0,AFC Bournemouth,West Ham United FC,2023-08-12
4,1,HOME_WIN,0.0,0.0,0.0,0,0,0,0.0,0.0,0.0,0,0,0,0,0,0,Brighton & Hove Albion FC,Luton Town FC,2023-08-12
0,1,AWAY_WIN,0.0,0.0,0.0,0,0,0,0.0,0.0,0.0,0,0,0,0,0,0,Everton FC,Fulham FC,2023-08-12
0,1,AWAY_WIN,0.0,0.0,0.0,0,0,0,0.0,0.0,0.0,0,0,0,0,0,0,Sheffield United FC,Crystal Palace FC,2023-08-12
5,1,HOME_WIN,0.0,0.0,0.0,0,0,0,0.0,0.0,0.0,0,0,0,0,0,0,Newcastle United FC,Aston Villa FC,2023-08-12
2,2,DRAW,0.0,0.0,0.0,0,0,0,0.0,0.0,0.0,0,0,0,0,0,0,Brentford FC,Tottenham Hotspur FC,2023-08-13
1,1,DRAW,0.0,0.0,0.0,0,0,0,0.0,0.0,0.0,0,0,0,0,0,0,Chelsea FC,Liverpool FC,2023-08-13
1,0,HOME_WIN,0.0,0.0,0.0,0,0,0,0.0,0.0,0.0,0,0,0,0,0,0,Manchester United FC,Wolverhampton Wanderers FC,2023-08-14
2,1,HOME_WIN,1.0,2.0,0.0,0,0,1,0.0,1.0,0.0,0,0,1,0,0,0,Nottingham Forest FC,Sheffield United FC,2023-08-18
0,3,AWAY_WIN,1.0,0.0,1.0,1,0,0,2.0,2.0,0.3333333333333333,0,1,0,0,0,0,Fulham FC,Brentford FC,2023-08-19
1,0,HOME_WIN,3.0,0.0,1.0,1,0,0,5.0,1.0,1.0,1,0,0,0,0,0,Manchester City FC,Newcastle United FC,2023-08-19
3,1,HOME_WIN,1.0,1.0,0.3333333333333333,0,1,0,1.0,1.0,0.3333333333333333,0,1,0,0,0,0,Liverpool FC,AFC Bournemouth,2023-08-19
1,4,AWAY_WIN,0.0,1.0,0.0,0,0,1,4.0,1.0,1.0,1,0,0,0,0,0,Wolverhampton Wanderers FC,Brighton & Hove Albion FC,2023-08-19
2,0,HOME_WIN,2.0,2.0,0.3333333333333333,0,1,0,1.0,0.0,1.0,1,0,0,0,0,0,Tottenham Hotspur FC,Manchester United FC,2023-08-19
4,0,HOME_WIN,1.0,5.0,0.0,0,0,1,0.0,1.0,0.0,0,0,1,0,0,0,Aston Villa FC,Everton FC,2023-08-20
3,1,HOME_WIN,1.0,1.0,0.3333333333333333,0,1,0,1.0,1.0,0.3333333333333333,0,1,0,0,0,0,West Ham United FC,Chelsea FC,2023-08-20
0,1,AWAY_WIN,1.0,0.0,1.0,1,0,0,2.0,1.0,1.0,1,0,0,0,0,0,Crystal Palace FC,Arsenal FC,2023-08-21
3,0,HOME_WIN,1.0,2.0,0.16666666666666666,0,1,1,1.0,4.0,0.0,0,0,1,0,0,0,Chelsea FC,Luton Town FC,2023-08-25
1,3,AWAY_WIN,4.0,1.0,1.0,2,0,0,2.0,1.0,0.6666666666666666,1,1,0,0,0,0,Brighton & Hove Albion FC,West Ham United FC,2023-08-26
1,1,DRAW,2.5,1.0,0.6666666666666666,1,1,0,0.5,0.5,0.5,1,0,1,0,0,0,Brentford FC,Crystal Palace FC,2023-08-26
0,1,AWAY_WIN,0.0,2.5,0.0,0,0,2,0.5,2.5,0.0,0,0,2,0,0,0,Everton FC,Wolverhampton Wanderers FC,2023-08-26
0,2,AWAY_WIN,1.0,2.0,0.16666666666666666,0,1,1,2.0,1.0,0.6666666666666666,1,1,0,0,0,0,AFC Bournemouth,Tottenham Hotspur FC,2023-08-26
2,2,DRAW,1.5,0.5,1.0,2,0,0,0.5,1.5,0.5,1,0,1,0,0,0,Arsenal FC,Fulham FC,2023-08-26
3,2,HOME_WIN,0.5,1.0,0.5,1,0,1,1.5,1.5,0.5,1,0,1,0,0,0,Manchester United FC,Nottingham Forest FC,2023-08-26
1,2,AWAY_WIN,0.5,1.5,0.0,0,0,2,2.0,0.0,1.0,2,0,0,0,0,0,Sheffield United FC,Manchester City FC,2023-08-27
1,3,AWAY_WIN,0.0,3.0,0.0,0,0,1,2.5,2.5,0.5,1,0,1,0,0,0,Burnley FC,Aston Villa FC,2023-08-27
1,2,AWAY_WIN,2.5,1.0,0.5,1,0,1,2.0,1.0,0.6666666666666666,1,1,0,0,0,0,Newcastle United FC,Liverpool FC,2023-08-27
1,2,AWAY_WIN,0.5,3.5,0.0,0,0,2,2.3333333333333335,1.0,0.7777777777777778,2,1,0,0,0,0,Luton Town FC,West Ham United FC,2023-09-01
3,1,HOME_WIN,3.0,1.6666666666666667,0.6666666666666666,2,0,1,2.0,1.3333333333333333,0.3333333333333333,1,0,2,0,0,0,Brighton & Hove Albion FC,Newcastle United FC,2023-09-02
5,1,HOME_WIN,2.0,0.3333333333333333,1.0,3,0,0,1.0,1.6666666666666667,0.4444444444444444,1,1,1,0,0,0,Manchester City FC,Fulham FC,2023-09-02
2,5,AWAY_WIN,0.5,3.0,0.0,0,0,2,2.0,0.6666666666666666,0.7777777777777778,2,1,0,0,0,0,Burnley FC,Tottenham Hotspur FC,2023-09-02
2,2,DRAW,2.0,1.0,0.5555555555555556,1,2,0,0.6666666666666666,2.0,0.1111111111111111,0,1,2,0,0,0,Brentford FC,AFC Bournemouth,2023-09-02
2,2,DRAW,0.6666666666666666,1.6666666666666667,0.0,0,0,3,0.0,2.0,0.0,0,0,3,0,0,0,Sheffield United FC,Everton FC,2023-09-02
0,1,AWAY_WIN,1.6666666666666667,1.3333333333333333,0.4444444444444444,1,1,1,1.6666666666666667,2.0,0.3333333333333333,1,0,2,0,0,0,Chelsea FC,Nottingham Forest FC,2023-09-02
3,2,HOME_WIN,0.6666666666666666,0.6666666666666666,0.4444444444444444,1,1,1,0.6666666666666666,1.6666666666666667,0.3333333333333333,1,0,2,0,0,0,Crystal Palace FC,Wolverhampton Wanderers FC,2023-09-03
3,0,HOME_WIN,2.0,1.0,0.7777777777777778,2,1,0,2.6666666666666665,2.0,0.6666666666666666,2,0,1,0,0,0,Liverpool FC,Aston Villa FC,2023-09-03
3,1,HOME_WIN,1.6666666666666667,1.0,0.7777777777777778,2,1,0,1.3333333333333333,1.3333333333333333,0.6666666666666666,2,0,1,0,0,0,Arsenal FC,Manchester United FC,2023-09-03
1,3,AWAY_WIN,2.25,1.0,0.8333333333333334,3,1,0,2.75,0.5,1.0,4,0,0,0,0,0,West Ham United FC,Manchester City FC,2023-09-16
2,1,HOME_WIN,2.75,1.0,0.8333333333333334,3,1,0,1.0,1.75,0.08333333333333333,0,1,3,0,0,0,Tottenham Hotspur FC,Sheffield United FC,2023-09-16
1,0,HOME_WIN,1.75,1.75,0.25,1,0,3,2.0,1.25,0.5,1,3,0,0,0,0,Newcastle United FC,Brentford FC,2023-09-16
1,0,HOME_WIN,1.0,2.5,0.3333333333333333,1,1,2,0.6666666666666666,3.0,0.0,0,0,3,0,0,0,Fulham FC,Luton Town FC,2023-09-16
3,1,HOME_WIN,2.0,2.25,0.5,2,0,2,1.25,1.0,0.5833333333333334,2,1,1,0,0,0,Aston Villa FC,Crystal Palace FC,2023-09-16
1,3,AWAY_WIN,1.0,2.0,0.25,1,0,3,2.25,0.75,0.8333333333333334,3,1,0,0,0,0,Wolverhampton Wanderers FC,Liverpool FC,2023-09-16
1,3,AWAY_WIN,1.25,1.75,0.5,2,0,2,3.0,1.5,0.75,3,0,1,0,0,0,Manchester United FC,Brighton & Hove Albion FC,2023-09-16
0,0,DRAW,1.0,2.0,0.16666666666666666,0,2,2,1.25,1.25,0.3333333333333333,1,1,2,0,0,0,AFC Bournemouth,Chelsea FC,2023-09-17
0,1,AWAY_WIN,0.5,2.0,0.08333333333333333,0,1,3,2.0,1.0,0.8333333333333334,3,1,0,0,0,0,Everton FC,Arsenal FC,2023-09-17
1,1,DRAW,1.5,1.5,0.5,2,0,2,1.0,3.6666666666666665,0.0,0,0,3,0,0,0,Nottingham Forest FC,Burnley FC,2023-09-18
0,0,DRAW,1.2,1.4,0.4666666666666667,2,1,2,1.0,2.0,0.4666666666666667,2,1,2,0,0,0,Crystal Palace FC,Fulham FC,2023-09-23
1,1,DRAW,0.5,2.5,0.0,0,0,4,1.0,2.2,0.2,1,0,4,0,0,0,Luton Town FC,Wolverhampton Wanderers FC,2023-09-23
2,0,HOME_WIN,2.8,0.6,1.0,5,0,0,1.4,1.4,0.4666666666666667,2,1,2,0,0,0,Manchester City FC,Nottingham Forest FC,2023-09-23
1,3,AWAY_WIN,1.6,1.2,0.4,1,3,1,0.4,1.8,0.06666666666666667,0,1,4,0,0,0,Brentford FC,Everton FC,2023-09-23
0,1,AWAY_WIN,1.0,3.0,0.08333333333333333,0,1,3,1.2,2.0,0.4,2,0,3,0,0,0,Burnley FC,Manchester United FC,2023-09-23
0,8,AWAY_WIN,1.0,1.8,0.06666666666666667,0,1,4,1.6,1.4,0.4,2,0,3,0,0,0,Sheffield United FC,Newcastle United FC,2023-09-24
2,2,DRAW,1.8,0.8,0.8666666666666667,4,1,0,2.6,1.0,0.8666666666666667,4,1,0,0,0,0,Arsenal FC,Tottenham Hotspur FC,2023-09-24
0,1,AWAY_WIN,1.0,1.0,0.3333333333333333,1,2,2,2.2,2.0,0.6,3,0,2,0,0,0,Chelsea FC,Aston Villa FC,2023-09-24
3,1,HOME_WIN,2.4,0.8,0.8666666666666667,4,1,0,2.0,1.4,0.6666666666666666,3,1,1,0,0,0,Liverpool FC,West Ham United FC,2023-09-24
3,1,HOME_WIN,3.0,1.4,0.8,4,0,1,0.8,1.6,0.2,0,3,2,0,0,0,Brighton & Hove Albion FC,AFC Bournemouth,2023-09-24
6,1,HOME_WIN,2.2,1.0,0.8,4,0,1,2.8,1.4,0.8,4,0,1,0,0,0,Aston Villa FC,Brighton & Hove Albion FC,2023-09-30
0,4,AWAY_WIN,0.8,2.0,0.13333333333333333,0,2,3,1.8,1.0,0.7333333333333333,3,2,0,0,0,0,AFC Bournemouth,Arsenal FC,2023-09-30
1,2,AWAY_WIN,1.0,1.8,0.26666666666666666,1,1,3,0.6,2.2,0.06666666666666667,0,1,4,0,0,0,Everton FC,Luton Town FC,2023-09-30
0,1,AWAY_WIN,1.2,2.0,0.4,2,0,3,1.0,1.4,0.3333333333333333,1,2,2,0,0,0,Manchester United FC,Crystal Palace FC,2023-09-30
2,0,HOME_WIN,2.2,1.2,0.4,2,0,3,0.8,2.6,0.06666666666666667,0,1,4,0,0,0,Newcastle United FC,Burnley FC,2023-09-30
2,0,HOME_WIN,2.0,1.8,0.6,3,0,2,1.0,3.2,0.06666666666666667,0,1,4,0,0,0,West Ham United FC,Sheffield United FC,2023-09-30
2,1,HOME_WIN,1.2,2.2,0.26666666666666666,1,1,3,2.6,0.6,1.0,5,0,0,0,0,0,Wolverhampton Wanderers FC,Manchester City FC,2023-09-30
2,1,HOME_WIN,2.6,1.0,0.8666666666666667,4,1,0,2.8,0.8,1.0,5,0,0,0,0,0,Tottenham Hotspur FC,Liverpool FC,2023-09-30
1,1,DRAW,1.2,1.4,0.4666666666666667,2,1,2,1.4,1.4,0.3333333333333333,1,2,2,0,0,0,Nottingham Forest FC,Brentford FC,2023-10-01
0,2,AWAY_WIN,0.8,2.0,0.3333333333333333,1,2,2,0.8,1.0,0.26666666666666666,1,1,3,0,0,0,Fulham FC,Chelsea FC,2023-10-02
1,2,AWAY_WIN,0.8,1.6,0.26666666666666666,1,1,3,0.8,2.4,0.06666666666666667,0,1,4,0,0,0,Luton Town FC,Burnley FC,2023-10-03
1,4,AWAY_WIN,1.0,2.0,0.26666666666666666,1,1,3,1.0,0.4,0.4666666666666667,2,1,2,0,0,0,Burnley FC,Chelsea FC,2023-10-07
3,0,HOME_WIN,1.2,1.4,0.26666666666666666,1,1,3,0.6,2.2,0.13333333333333333,0,2,3,0,0,0,Everton FC,AFC Bournemouth,2023-10-07
3,1,HOME_WIN,0.8,1.8,0.3333333333333333,1,2,2,0.8,3.2,0.06666666666666667,0,1,4,0,0,0,Fulham FC,Sheffield United FC,2023-10-07
2,1,HOME_WIN,1.2,1.8,0.4,2,0,3,1.0,1.6,0.2,0,3,2,0,0,0,Manchester United FC,Brentford FC,2023-10-07
0,0,DRAW,1.2,1.2,0.5333333333333333,2,2,1,1.0,1.4,0.3333333333333333,1,2,2,0,0,0,Crystal Palace FC,Nottingham Forest FC,2023-10-07
0,1,AWAY_WIN,1.0,1.4,0.26666666666666666,1,1,3,2.6,1.2,0.8666666666666667,4,1,0,0,0,0,Luton Town FC,Tottenham Hotspur FC,2023-10-07
1,0,HOME_WIN,2.4,1.0,0.7333333333333333,3,2,0,2.6,1.0,0.8,4,0,1,0,0,0,Arsenal FC,Manchester City FC,2023-10-08
2,2,DRAW,1.8,1.6,0.6,3,0,2,2.6,1.0,0.6,3,0,2,0,0,0,West Ham United FC,Newcastle United FC,2023-10-08
1,1,DRAW,1.4,1.6,0.4666666666666667,2,1,2,2.6,1.2,0.8,4,0,1,0,0,0,Wolverhampton Wanderers FC,Aston Villa FC,2023-10-08
2,2,DRAW,2.2,2.4,0.6,3,0,2,2.4,1.0,0.8,4,0,1,0,0,0,Brighton & Hove Albion FC,Liverpool FC,2023-10-08
2,0,HOME_WIN,2.4,1.2,0.6666666666666666,3,1,1,1.8,1.2,0.4666666666666667,2,1,2,0,0,0,Liverpool FC,Everton FC,2023-10-21
1,2,AWAY_WIN,0.6,2.4,0.13333333333333333,0,2,3,1.4,1.8,0.3333333333333333,1,2,2,0,0,0,AFC Bournemouth,Wolverhampton Wanderers FC,2023-10-21
3,0,HOME_WIN,1.0,1.8,0.13333333333333333,0,2,3,0.8,1.8,0.26666666666666666,1,1,3,0,0,0,Brentford FC,Burnley FC,2023-10-21
2,1,HOME_WIN,2.2,1.0,0.6,3,0,2,2.4,2.2,0.6666666666666666,3,1,1,0,0,0,Manchester City FC,Brighton & Hove Albion FC,2023-10-21
4,0,HOME_WIN,2.8,1.0,0.6666666666666666,3,1,1,1.0,1.0,0.5333333333333333,2,2,1,0,0,0,Newcastle United FC,Crystal Palace FC,2023-10-21
2,2,DRAW,0.6,0.8,0.4,1,3,1,0.8,1.2,0.26666666666666666,1,1,3,0,0,0,Nottingham Forest FC,Luton Town FC,2023-10-21
2,2,DRAW,1.2,0.6,0.4666666666666667,2,1,2,2.2,0.6,0.8666666666666667,4,1,0,0,0,0,Chelsea FC,Arsenal FC,2023-10-21
1,2,AWAY_WIN,0.8,3.4,0.06666666666666667,0,1,4,1.0,1.6,0.4,2,0,3,0,0,0,Sheffield United FC,Manchester United FC,2023-10-21
4,1,HOME_WIN,2.2,1.2,0.6666666666666666,3,1,1,1.6,1.8,0.4666666666666667,2,1,2,0,0,0,Aston Villa FC,West Ham United FC,2023-10-22
2,0,HOME_WIN,2.4,1.2,0.8666666666666667,4,1,0,1.0,1.6,0.4666666666666667,2,1,2,0,0,0,Tottenham Hotspur FC,Fulham FC,2023-10-23
1,2,AWAY_WIN,0.4,1.4,0.3333333333333333,1,2,2,1.8,0.8,0.8666666666666667,4,1,0,0,0,0,Crystal Palace FC,Tottenham Hotspur FC,2023-10-27
0,2,AWAY_WIN,1.6,0.8,0.5333333333333333,2,2,1,1.2,1.4,0.26666666666666666,1,1,3,0,0,0,Chelsea FC,Brentford FC,2023-10-28
2,1,HOME_WIN,0.4,2.4,0.06666666666666667,0,1,4,0.6,2.2,0.2,1,0,4,0,0,0,AFC Bournemouth,Burnley FC,2023-10-28
5,0,HOME_WIN,2.0,0.8,0.7333333333333333,3,2,0,0.6,3.4,0.0,0,0,5,0,0,0,Arsenal FC,Sheffield United FC,2023-10-28
2,2,DRAW,1.4,1.4,0.5333333333333333,2,2,1,3.4,0.4,0.8666666666666667,4,1,0,0,0,0,Wolverhampton Wanderers FC,Newcastle United FC,2023-10-28
0,3,AWAY_WIN,1.2,1.2,0.6,3,0,2,1.6,1.0,0.6,3,0,2,0,0,0,Manchester United FC,Manchester City FC,2023-10-29
3,1,HOME_WIN,3.0,0.8,0.8666666666666667,4,1,0,1.2,1.4,0.3333333333333333,1,2,2,0,0,0,Aston Villa FC,Luton Town FC,2023-10-29
1,1,DRAW,2.0,2.4,0.4666666666666667,2,1,2,0.8,1.0,0.4666666666666667,2,1,2,0,0,0,Brighton & Hove Albion FC,Fulham FC,2023-10-29
0,1,AWAY_WIN,1.4,2.4,0.26666666666666666,1,1,3,1.4,1.2,0.4,2,0,3,0,0,0,West Ham United FC,Everton FC,2023-10-29
3,0,HOME_WIN,2.2,1.2,0.6666666666666666,3,1,1,0.8,1.2,0.26666666666666666,0,4,1,0,0,0,Liverpool FC,Nottingham Forest FC,2023-10-29
1,0,HOME_WIN,3.6,0.8,0.7333333333333333,3,2,0,2.8,0.8,0.7333333333333333,3,2,0,0,0,0,Newcastle United FC,Arsenal FC,2023-11-04
2,1,HOME_WIN,0.4,4.0,0.0,0,0,5,1.6,1.2,0.6,2,3,0,0,0,0,Sheffield United FC,Wolverhampton Wanderers FC,2023-11-04
3,2,HOME_WIN,1.6,1.2,0.4666666666666667,2,1,2,1.2,2.0,0.26666666666666666,1,1,3,0,0,0,Brentford FC,West Ham United FC,2023-11-04
1,1,DRAW,1.6,1.0,0.6,3,0,2,1.6,2.4,0.3333333333333333,1,2,2,0,0,0,Everton FC,Brighton & Hove Albion FC,2023-11-04
0,1,AWAY_WIN,0.8,1.2,0.3333333333333333,1,2,2,1.0,1.2,0.6,3,0,2,0,0,0,Fulham FC,Manchester United FC,2023-11-04
6,1,HOME_WIN,1.6,0.8,0.6,3,0,2,0.8,2.6,0.2,1,0,4,0,0,0,Manchester City FC,AFC Bournemouth,2023-11-04
0,2,AWAY_WIN,0.8,2.4,0.2,1,0,4,0.4,1.2,0.3333333333333333,1,2,2,0,0,0,Burnley FC,Crystal Palace FC,2023-11-04
1,1,DRAW,1.2,1.8,0.26666666666666666,1,1,3,2.2,1.0,0.6666666666666666,3,1,1,0,0,0,Luton Town FC,Liverpool FC,2023-11-05
2,0,HOME_WIN,0.6,1.6,0.2,0,3,2,3.0,0.8,0.8666666666666667,4,1,0,0,0,0,Nottingham Forest FC,Aston Villa FC,2023-11-05
1,4,AWAY_WIN,1.8,0.8,0.8666666666666667,4,1,0,1.6,1.2,0.4666666666666667,2,1,2,0,0,0,Tottenham Hotspur FC,Chelsea FC,2023-11-06
2,1,HOME_WIN,1.6,1.4,0.5333333333333333,2,2,1,1.6,1.2,0.8,4,0,1,0,0,0,Wolverhampton Wanderers FC,Tottenham Hotspur FC,2023-11-11
3,1,HOME_WIN,2.4,0.6,0.6666666666666666,3,1,1,0.8,2.4,0.2,1,0,4,0,0,0,Arsenal FC,Burnley FC,2023-11-11
2,3,AWAY_WIN,0.8,1.2,0.4666666666666667,2,1,2,1.2,1.0,0.4666666666666667,2,1,2,0,0,0,Crystal Palace FC,Everton FC,2023-11-11
1,0,HOME_WIN,1.0,1.2,0.6,3,0,2,1.0,1.8,0.13333333333333333,0,2,3,0,0,0,Manchester United FC,Luton Town FC,2023-11-11
2,0,HOME_WIN,0.8,3.2,0.2,1,0,4,2.2,0.8,0.7333333333333333,3,2,0,0,0,0,AFC Bournemouth,Newcastle United FC,2023-11-11
3,1,HOME_WIN,2.8,1.2,0.6666666666666666,3,1,1,0.8,1.4,0.26666666666666666,1,1,3,0,0,0,Aston Villa FC,Fulham FC,2023-11-12
1,1,DRAW,1.2,2.4,0.2,0,3,2,0.8,2.6,0.2,1,0,4,0,0,0,Brighton & Hove Albion FC,Sheffield United FC,2023-11-12
3,0,HOME_WIN,1.8,1.0,0.5333333333333333,2,2,1,2.0,1.0,0.6666666666666666,3,1,1,0,0,0,Liverpool FC,Brentford FC,2023-11-12
3,2,HOME_WIN,1.4,2.0,0.26666666666666666,1,1,3,1.0,1.2,0.4,1,3,1,0,0,0,West Ham United FC,Nottingham Forest FC,2023-11-12
4,4,DRAW,2.4,1.2,0.6666666666666666,3,1,1,2.4,1.0,0.6,3,0,2,0,0,0,Chelsea FC,Manchester City FC,2023-11-12
1,3,AWAY_WIN,1.0,2.4,0.26666666666666666,1,1,3,1.2,2.4,0.4,2,0,3,0,0,0,Sheffield United FC,AFC Bournemouth,2023-11-25
0,1,AWAY_WIN,1.8,1.4,0.6,3,0,2,2.2,0.8,0.6666666666666666,3,1,1,0,0,0,Brentford FC,Arsenal FC,2023-11-25
2,3,AWAY_WIN,1.2,1.6,0.3333333333333333,1,2,2,1.2,1.4,0.26666666666666666,0,4,1,0,0,0,Nottingham Forest FC,Brighton & Hove Albion FC,2023-11-25
2,1,HOME_WIN,0.8,1.6,0.13333333333333333,0,2,3,1.0,1.8,0.26666666666666666,1,1,3,0,0,0,Luton Town FC,Crystal Palace FC,2023-11-25
1,2,AWAY_WIN,0.6,2.8,0.0,0,0,5,1.6,2.4,0.26666666666666666,1,1,3,0,0,0,Burnley FC,West Ham United FC,2023-11-25
1,1,DRAW,3.0,1.4,0.6666666666666666,3,1,1,2.2,0.6,0.7333333333333333,3,2,0,0,0,0,Manchester City FC,Liverpool FC,2023-11-25
4,1,HOME_WIN,1.8,1.2,0.5333333333333333,2,2,1,2.8,2.0,0.5333333333333333,2,2,1,0,0,0,Newcastle United FC,Chelsea FC,2023-11-25
1,2,AWAY_WIN,1.4,1.4,0.6,3,0,2,2.2,1.2,0.6666666666666666,3,1,1,0,0,0,Tottenham Hotspur FC,Aston Villa FC,2023-11-26
0,3,AWAY_WIN,1.6,1.0,0.6666666666666666,3,1,1,1.2,1.0,0.8,4,0,1,0,0,0,Everton FC,Manchester United FC,2023-11-26
3,2,HOME_WIN,1.0,1.6,0.26666666666666666,1,1,3,1.6,1.4,0.5333333333333333,2,2,1,0,0,0,Fulham FC,Wolverhampton Wanderers FC,2023-11-27
0,1,AWAY_WIN,1.6,2.2,0.26666666666666666,1,1,3,1.0,1.6,0.4666666666666667,2,1,2,0,0,0,Nottingham Forest FC,Everton FC,2023-12-02
1,0,HOME_WIN,2.2,1.0,0.6666666666666666,3,1,1,1.4,0.8,0.8,4,0,1,0,0,0,Newcastle United FC,Manchester United FC,2023-12-02
3,1,HOME_WIN,1.6,1.2,0.6,3,0,2,1.2,1.6,0.3333333333333333,1,2,2,0,0,0,Brentford FC,Luton Town FC,2023-12-02
2,1,HOME_WIN,2.2,0.8,0.6666666666666666,3,1,1,1.8,1.8,0.4666666666666667,2,1,2,0,0,0,Arsenal FC,Wolverhampton Wanderers FC,2023-12-02
5,0,HOME_WIN,0.6,2.4,0.0,0,0,5,1.0,2.4,0.26666666666666666,1,1,3,0,0,0,Burnley FC,Sheffield United FC,2023-12-02
2,2,DRAW,1.8,2.0,0.6,3,0,2,2.4,1.2,0.8,4,0,1,0,0,0,AFC Bournemouth,Aston Villa FC,2023-12-03
3,2,HOME_WIN,2.2,2.6,0.3333333333333333,1,2,2,1.4,1.4,0.4,1,3,1,0,0,0,Chelsea FC,Brighton & Hove Albion FC,2023-12-03
4,3,HOME_WIN,2.0,0.4,0.7333333333333333,3,2,0,1.0,1.8,0.26666666666666666,1,1,3,0,0,0,Liverpool FC,Fulham FC,2023-12-03
1,1,DRAW,1.6,2.2,0.4,2,0,3,1.2,2.2,0.2,1,0,4,0,0,0,West Ham United FC,Crystal Palace FC,2023-12-03
3,3,DRAW,3.2,1.4,0.7333333333333333,3,2,0,1.4,1.8,0.4,2,0,3,0,0,0,Manchester City FC,Tottenham Hotspur FC,2023-12-03
1,0,HOME_WIN,1.6,2.0,0.26666666666666666,1,1,3,1.6,1.8,0.2,1,0,4,0,0,0,Wolverhampton Wanderers FC,Burnley FC,2023-12-05
3,4,AWAY_WIN,1.0,1.8,0.26666666666666666,1,1,3,2.2,0.6,0.8,4,0,1,0,0,0,Luton Town FC,Arsenal FC,2023-12-05
1,0,HOME_WIN,2.0,1.4,0.6666666666666666,3,1,1,3.4,1.8,0.6,2,3,0,0,0,0,Aston Villa FC,Manchester City FC,2023-12-06
2,1,HOME_WIN,1.0,0.8,0.6,3,0,2,2.4,2.6,0.4666666666666667,2,1,2,0,0,0,Manchester United FC,Chelsea FC,2023-12-06
0,2,AWAY_WIN,0.8,3.0,0.26666666666666666,1,1,3,2.4,1.0,0.7333333333333333,3,2,0,0,0,0,Sheffield United FC,Liverpool FC,2023-12-06
2,1,HOME_WIN,1.6,1.6,0.4,1,3,1,1.6,1.4,0.6,3,0,2,0,0,0,Brighton & Hove Albion FC,Brentford FC,2023-12-06
0,2,AWAY_WIN,1.4,1.6,0.26666666666666666,1,1,3,2.0,2.0,0.6666666666666666,3,1,1,0,0,0,Crystal Palace FC,AFC Bournemouth,2023-12-06
5,0,HOME_WIN,1.6,2.2,0.26666666666666666,1,1,3,1.2,2.0,0.2,1,0,4,0,0,0,Fulham FC,Nottingham Forest FC,2023-12-06
1,2,AWAY_WIN,1.6,2.4,0.26666666666666666,1,1,3,1.6,1.6,0.4666666666666667,2,1,2,0,0,0,Tottenham Hotspur FC,West Ham United FC,2023-12-07
3,0,HOME_WIN,1.2,1.2,0.6666666666666666,3,1,1,1.6,1.0,0.6666666666666666,3,1,1,0,0,0,Everton FC,Newcastle United FC,2023-12-07
1,2,AWAY_WIN,1.2,1.6,0.26666666666666666,1,1,3,2.2,1.0,0.7333333333333333,3,2,0,0,0,0,Crystal Palace FC,Liverpool FC,2023-12-09
1,1,DRAW,1.8,1.6,0.5333333333333333,2,2,1,1.4,1.6,0.2,1,0,4,0,0,0,Brighton & Hove Albion FC,Burnley FC,2023-12-09
0,3,AWAY_WIN,1.4,0.4,0.8,4,0,1,2.0,1.8,0.6666666666666666,3,1,1,0,0,0,Manchester United FC,AFC Bournemouth,2023-12-09
1,0,HOME_WIN,0.8,2.4,0.26666666666666666,1,1,3,1.4,1.8,0.4,2,0,3,0,0,0,Sheffield United FC,Brentford FC,2023-12-09
1,1,DRAW,1.4,1.6,0.4,2,0,3,1.2,2.4,0.2,1,0,4,0,0,0,Wolverhampton Wanderers FC,Nottingham Forest FC,2023-12-09
1,0,HOME_WIN,1.6,1.2,0.6666666666666666,3,1,1,2.0,1.2,0.8,4,0,1,0,0,0,Aston Villa FC,Arsenal FC,2023-12-09
4,1,HOME_WIN,1.4,2.6,0.06666666666666667,0,1,4,1.2,1.2,0.6,3,0,2,0,0,0,Tottenham Hotspur FC,Newcastle United FC,2023-12-10
5,0,HOME_WIN,2.4,2.0,0.4,2,0,3,2.0,1.6,0.6666666666666666,3,1,1,0,0,0,Fulham FC,West Ham United FC,2023-12-10
1,2,AWAY_WIN,1.4,2.0,0.26666666666666666,1,1,3,2.8,2.0,0.4,1,3,1,0,0,0,Luton Town FC,Manchester City FC,2023-12-10
2,0,HOME_WIN,1.6,1.2,0.6666666666666666,3,1,1,2.6,2.6,0.4666666666666667,2,1,2,0,0,0,Everton FC,Chelsea FC,2023-12-10
0,2,AWAY_WIN,1.0,2.6,0.06666666666666667,0,1,4,2.0,2.0,0.26666666666666666,1,1,3,0,0,0,Nottingham Forest FC,Tottenham Hotspur FC,2023-12-15
2,0,HOME_WIN,1.8,2.8,0.26666666666666666,1,1,3,0.6,2.2,0.26666666666666666,1,1,3,0,0,0,Chelsea FC,Sheffield United FC,2023-12-16
2,2,DRAW,2.0,2.0,0.4,1,3,1,1.0,2.0,0.06666666666666667,0,1,4,0,0,0,Manchester City FC,Crystal Palace FC,2023-12-16
3,0,HOME_WIN,1.2,2.0,0.4,2,0,3,3.4,1.8,0.6,3,0,2,0,0,0,Newcastle United FC,Fulham FC,2023-12-16
0,2,AWAY_WIN,1.6,1.4,0.26666666666666666,1,1,3,1.8,1.0,0.8,4,0,1,0,0,0,Burnley FC,Everton FC,2023-12-16
0,0,DRAW,2.4,1.0,0.8666666666666667,4,1,0,1.2,1.0,0.6,3,0,2,0,0,0,Liverpool FC,Manchester United FC,2023-12-17
1,2,AWAY_WIN,0.8,1.6,0.2,1,0,4,1.8,0.8,0.8666666666666667,4,1,0,0,0,0,Brentford FC,Aston Villa FC,2023-12-17
2,0,HOME_WIN,2.0,1.2,0.8,4,0,1,1.8,1.6,0.5333333333333333,2,2,1,0,0,0,Arsenal FC,Brighton & Hove Albion FC,2023-12-17
3,0,HOME_WIN,1.6,2.0,0.6666666666666666,3,1,1,1.4,1.4,0.4666666666666667,2,1,2,0,0,0,West Ham United FC,Wolverhampton Wanderers FC,2023-12-17
1,1,DRAW,1.0,1.8,0.13333333333333333,0,2,3,1.6,1.8,0.4666666666666667,2,1,2,0,0,0,Crystal Palace FC,Brighton & Hove Albion FC,2023-12-21
1,1,DRAW,1.6,0.8,0.8666666666666667,4,1,0,0.4,2.4,0.2,1,0,4,0,0,0,Aston Villa FC,Sheffield United FC,2023-12-22
2,0,HOME_WIN,1.6,1.6,0.6666666666666666,3,1,1,1.0,1.0,0.4666666666666667,2,1,2,0,0,0,West Ham United FC,Manchester United FC,2023-12-23
0,2,AWAY_WIN,3.2,1.8,0.6,3,0,2,1.4,1.2,0.26666666666666666,1,1,3,0,0,0,Fulham FC,Burnley FC,2023-12-23
1,0,HOME_WIN,1.4,2.2,0.2,1,0,4,1.8,1.6,0.6,3,0,2,0,0,0,Luton Town FC,Newcastle United FC,2023-12-23
2,3,AWAY_WIN,0.6,2.4,0.06666666666666667,0,1,4,2.4,0.6,0.8666666666666667,4,1,0,0,0,0,Nottingham Forest FC,AFC Bournemouth,2023-12-23
2,1,HOME_WIN,2.2,1.6,0.4666666666666667,2,1,2,1.6,0.6,0.8,4,0,1,0,0,0,Tottenham Hotspur FC,Everton FC,2023-12-23
1,1,DRAW,1.8,1.0,0.7333333333333333,3,2,0,1.8,1.0,0.8,4,0,1,0,0,0,Liverpool FC,Arsenal FC,2023-12-23
2,1,HOME_WIN,1.0,1.8,0.26666666666666666,1,1,3,1.4,2.0,0.4,2,0,3,0,0,0,Wolverhampton Wanderers FC,Chelsea FC,2023-12-24
3,2,HOME_WIN,0.4,1.4,0.26666666666666666,1,1,3,1.4,0.8,0.7333333333333333,3,2,0,0,0,0,Manchester United FC,Aston Villa FC,2023-12-26
3,0,HOME_WIN,2.6,1.0,0.8666666666666667,4,1,0,2.6,1.8,0.4,2,0,3,0,0,0,AFC Bournemouth,Fulham FC,2023-12-26
2,3,AWAY_WIN,0.4,2.0,0.26666666666666666,1,1,3,1.6,2.0,0.4,2,0,3,0,0,0,Sheffield United FC,Luton Town FC,2023-12-26
1,3,AWAY_WIN,1.0,1.6,0.4,2,0,3,0.6,2.4,0.06666666666666667,0,1,4,0,0,0,Newcastle United FC,Nottingham Forest FC,2023-12-26
0,2,AWAY_WIN,1.6,0.8,0.4666666666666667,2,1,2,1.8,1.0,0.7333333333333333,3,2,0,0,0,0,Burnley FC,Liverpool FC,2023-12-26
1,4,AWAY_WIN,1.0,1.4,0.2,1,0,4,1.0,1.4,0.4666666666666667,2,1,2,0,0,0,Brentford FC,Wolverhampton Wanderers FC,2023-12-27
2,1,HOME_WIN,1.4,1.6,0.4,2,0,3,1.0,1.6,0.2,0,3,2,0,0,0,Chelsea FC,Crystal Palace FC,2023-12-27
1,3,AWAY_WIN,1.8,0.4,0.8,4,0,1,1.6,1.6,0.4,1,3,1,0,0,0,Everton FC,Manchester City FC,2023-12-27
4,2,HOME_WIN,1.2,1.6,0.3333333333333333,1,2,2,2.4,1.4,0.6666666666666666,3,1,1,0,0,0,Brighton & Hove Albion FC,Tottenham Hotspur FC,2023-12-28
0,2,AWAY_WIN,1.8,1.2,0.6666666666666666,3,1,1,1.6,1.4,0.6666666666666666,3,1,1,0,0,0,Arsenal FC,West Ham United FC,2023-12-28
2,3,AWAY_WIN,1.8,2.2,0.4,2,0,3,1.2,1.4,0.4,2,0,3,0,1,0,Luton Town FC,Chelsea FC,2023-12-30
3,2,HOME_WIN,1.4,1.0,0.6666666666666666,3,1,1,0.6,1.2,0.26666666666666666,1,1,3,1,0,0,Aston Villa FC,Burnley FC,2023-12-30
2,0,HOME_WIN,2.0,1.6,0.5333333333333333,2,2,1,0.8,1.6,0.26666666666666666,1,1,3,1,0,0,Manchester City FC,Sheffield United FC,2023-12-30
3,0,HOME_WIN,1.6,1.2,0.6666666666666666,3,1,1,1.8,1.0,0.6,3,0,2,1,0,0,Wolverhampton Wanderers FC,Everton FC,2023-12-30
2,1,HOME_WIN,1.2,2.4,0.26666666666666666,1,1,3,1.0,1.6,0.4666666666666667,2,1,2,0,1,0,Nottingham Forest FC,Manchester United FC,2023-12-30
3,1,HOME_WIN,1.0,1.8,0.13333333333333333,0,2,3,1.2,2.0,0.2,1,0,4,0,0,1,Crystal Palace FC,Brentford FC,2023-12-30
2,1,HOME_WIN,2.0,1.6,0.4,2,0,3,1.4,1.4,0.4666666666666667,2,1,2,0,0,1,Fulham FC,Arsenal FC,2023-12-31
3,1,HOME_WIN,2.2,1.6,0.6,3,0,2,2.6,0.8,0.8666666666666667,4,1,0,1,0,0,Tottenham Hotspur FC,AFC Bournemouth,2023-12-31
4,2,HOME_WIN,1.4,0.4,0.7333333333333333,3,2,0,1.0,2.2,0.2,1,0,4,1,0,0,Liverpool FC,Newcastle United FC,2024-01-01
0,0,DRAW,1.8,1.2,0.8,4,0,1,1.6,1.4,0.5333333333333333,2,2,1,1,0,0,West Ham United FC,Brighton & Hove Albion FC,2024-01-02
1,1,DRAW,1.0,1.6,0.26666666666666666,1,1,3,2.0,2.2,0.4,2,0,3,1,0,0,Burnley FC,Luton Town FC,2024-01-12
2,3,AWAY_WIN,1.4,2.4,0.2,1,0,4,1.8,1.0,0.6666666666666666,3,1,1,0,1,0,Newcastle United FC,Manchester City FC,2024-01-13
1,0,HOME_WIN,1.6,1.4,0.6,3,0,2,1.4,1.8,0.4,2,0,3,1,0,0,Chelsea FC,Fulham FC,2024-01-13
0,0,DRAW,1.2,1.6,0.4,2,0,3,1.8,1.4,0.6666666666666666,3,1,1,0,1,0,Everton FC,Aston Villa FC,2024-01-14
2,2,DRAW,0.8,1.8,0.26666666666666666,1,1,3,2.6,1.4,0.8,4,0,1,0,1,0,Manchester United FC,Tottenham Hotspur FC,2024-01-14
5,0,HOME_WIN,0.8,1.2,0.26666666666666666,1,1,3,1.6,1.6,0.3333333333333333,1,2,2,1,0,0,Arsenal FC,Crystal Palace FC,2024-01-20
3,2,HOME_WIN,0.8,2.4,0.0,0,0,5,1.6,1.6,0.4666666666666667,2,1,2,0,0,1,Brentford FC,Nottingham Forest FC,2024-01-20
2,2,DRAW,0.8,1.6,0.26666666666666666,1,1,3,1.4,1.0,0.6666666666666666,3,1,1,0,1,0,Sheffield United FC,West Ham United FC,2024-01-21
0,4,AWAY_WIN,2.4,1.0,0.8,4,0,1,1.8,0.8,0.7333333333333333,3,2,0,0,1,0,AFC Bournemouth,Liverpool FC,2024-01-21
0,0,DRAW,1.2,1.2,0.4,1,3,1,2.0,1.2,0.6666666666666666,3,1,1,1,0,0,Brighton & Hove Albion FC,Wolverhampton Wanderers FC,2024-01-22
1,3,AWAY_WIN,1.6,1.4,0.5333333333333333,2,2,1,1.6,2.2,0.2,1,0,4,0,1,0,Aston Villa FC,Newcastle United FC,2024-01-30
3,2,HOME_WIN,1.4,2.2,0.3333333333333333,1,2,2,1.0,2.0,0.13333333333333333,0,2,3,1,0,0,Crystal Palace FC,Sheffield United FC,2024-01-30
4,0,HOME_WIN,1.6,1.6,0.4666666666666667,2,1,2,1.0,1.0,0.4,1,3,1,0,1,0,Luton Town FC,Brighton & Hove Albion FC,2024-01-30
1,2,AWAY_WIN,1.8,2.0,0.4,2,0,3,1.8,1.0,0.4666666666666667,2,1,2,0,1,0,Nottingham Forest FC,Arsenal FC,2024-01-30
0,0,DRAW,0.4,2.0,0.2,1,0,4,0.8,1.6,0.26666666666666666,1,1,3,1,0,0,Fulham FC,Everton FC,2024-01-30
3,2,HOME_WIN,2.2,1.6,0.6666666666666666,3,1,1,1.2,2.4,0.2,1,0,4,0,0,1,Tottenham Hotspur FC,Brentford FC,2024-01-31
3,1,HOME_WIN,2.4,1.2,0.8666666666666667,4,1,0,1.0,1.6,0.26666666666666666,1,1,3,1,0,0,Manchester City FC,Burnley FC,2024-01-31
4,1,HOME_WIN,2.2,0.6,0.7333333333333333,3,2,0,1.8,1.0,0.8,4,0,1,0,0,1,Liverpool FC,Chelsea FC,2024-01-31
1,1,DRAW,1.8,0.4,0.7333333333333333,3,2,0,2.0,1.8,0.6,3,0,2,0,0,1,West Ham United FC,AFC Bournemouth,2024-02-01
3,4,AWAY_WIN,1.8,1.0,0.6666666666666666,3,1,1,1.2,1.6,0.3333333333333333,1,2,2,0,1,0,Wolverhampton Wanderers FC,Manchester United FC,2024-02-01
0,5,AWAY_WIN,1.4,2.2,0.13333333333333333,0,2,3,1.4,1.8,0.3333333333333333,1,2,2,0,0,1,Sheffield United FC,Aston Villa FC,2024-02-03
2,2,DRAW,1.2,1.8,0.26666666666666666,1,1,3,0.4,1.4,0.26666666666666666,1,1,3,1,0,0,Burnley FC,Fulham FC,2024-02-03
4,1,HOME_WIN,1.0,1.4,0.4,1,3,1,1.6,2.2,0.4666666666666667,2,1,2,0,0,1,Brighton & Hove Albion FC,Crystal Palace FC,2024-02-03
2,2,DRAW,0.4,1.6,0.13333333333333333,0,2,3,2.4,2.0,0.6666666666666666,3,1,1,0,1,0,Everton FC,Tottenham Hotspur FC,2024-02-03
4,4,DRAW,1.6,2.4,0.2,1,0,4,2.2,1.2,0.6666666666666666,3,1,1,0,1,0,Newcastle United FC,Luton Town FC,2024-02-03
1,1,DRAW,1.6,2.0,0.4666666666666667,2,1,2,2.0,2.0,0.4,2,0,3,1,0,0,AFC Bournemouth,Nottingham Forest FC,2024-02-04
2,4,AWAY_WIN,1.6,1.8,0.6,3,0,2,2.4,1.2,0.6666666666666666,3,1,1,0,1,0,Chelsea FC,Wolverhampton Wanderers FC,2024-02-04
3,0,HOME_WIN,2.0,2.2,0.4666666666666667,2,1,2,1.4,0.6,0.6,2,3,0,0,1,0,Manchester United FC,West Ham United FC,2024-02-04
3,1,HOME_WIN,1.8,1.2,0.4666666666666667,2,1,2,3.0,0.8,0.8666666666666667,4,1,0,0,0,1,Arsenal FC,Liverpool FC,2024-02-04
1,3,AWAY_WIN,1.6,2.8,0.2,1,0,4,2.6,1.2,0.8666666666666667,4,1,0,0,0,0,Brentford FC,Manchester City FC,2024-02-05
2,3,AWAY_WIN,1.8,1.6,0.4666666666666667,2,1,2,2.4,3.0,0.26666666666666666,1,1,3,1,0,0,Nottingham Forest FC,Newcastle United FC,2024-02-10
0,2,AWAY_WIN,2.8,1.4,0.6666666666666666,3,1,1,1.6,3.0,0.2,1,0,4,1,0,0,Wolverhampton Wanderers FC,Brentford FC,2024-02-10
1,3,AWAY_WIN,2.8,2.0,0.5333333333333333,2,2,1,1.2,3.0,0.06666666666666667,0,1,4,1,0,0,Luton Town FC,Sheffield United FC,2024-02-10
3,1,HOME_WIN,3.0,1.2,0.8,4,0,1,1.2,2.2,0.13333333333333333,0,2,3,1,0,0,Liverpool FC,Burnley FC,2024-02-10
3,1,HOME_WIN,0.8,1.4,0.3333333333333333,1,2,2,1.2,1.8,0.3333333333333333,1,2,2,0,1,0,Fulham FC,AFC Bournemouth,2024-02-10
2,0,HOME_WIN,2.8,1.0,1.0,5,0,0,0.6,1.6,0.2,0,3,2,1,0,0,Manchester City FC,Everton FC,2024-02-10
2,1,HOME_WIN,2.4,2.2,0.5333333333333333,2,2,1,1.6,1.4,0.5333333333333333,2,2,1,0,1,0,Tottenham Hotspur FC,Brighton & Hove Albion FC,2024-02-10
0,6,AWAY_WIN,1.0,1.2,0.4,1,3,1,2.2,1.2,0.6,3,0,2,1,0,0,West Ham United FC,Arsenal FC,2024-02-11
1,2,AWAY_WIN,2.2,1.6,0.4666666666666667,2,1,2,2.6,1.8,0.6666666666666666,3,1,1,0,1,0,Aston Villa FC,Manchester United FC,2024-02-11
1,3,AWAY_WIN,1.6,2.8,0.4,2,0,3,1.8,2.2,0.6,3,0,2,0,1,0,Crystal Palace FC,Chelsea FC,2024-02-12
1,1,DRAW,2.6,0.8,1.0,5,0,0,2.0,2.2,0.6,3,0,2,0,0,1,Manchester City FC,Chelsea FC,2024-02-17
1,2,AWAY_WIN,2.4,1.6,0.7333333333333333,3,2,0,2.0,1.6,0.4666666666666667,2,1,2,0,1,0,Tottenham Hotspur FC,Wolverhampton Wanderers FC,2024-02-17
1,2,AWAY_WIN,1.4,1.0,0.5333333333333333,2,2,1,2.0,1.4,0.4666666666666667,2,1,2,0,1,0,Fulham FC,Aston Villa FC,2024-02-17
2,2,DRAW,2.8,2.8,0.4666666666666667,2,1,2,0.8,2.4,0.13333333333333333,0,2,3,0,1,0,Newcastle United FC,AFC Bournemouth,2024-02-17
2,0,HOME_WIN,1.6,2.0,0.26666666666666666,1,1,3,0.6,2.4,0.2,0,3,2,0,1,0,Nottingham Forest FC,West Ham United FC,2024-02-17
1,4,AWAY_WIN,1.8,2.2,0.4,2,0,3,3.2,1.4,0.8,4,0,1,0,1,0,Brentford FC,Liverpool FC,2024-02-17
0,5,AWAY_WIN,1.4,2.4,0.13333333333333333,0,2,3,3.4,0.8,0.8,4,0,1,0,1,0,Burnley FC,Arsenal FC,2024-02-17
1,2,AWAY_WIN,2.4,2.2,0.3333333333333333,1,2,2,2.4,1.6,0.6666666666666666,3,1,1,0,1,0,Luton Town FC,Manchester United FC,2024-02-18
0,5,AWAY_WIN,1.4,2.6,0.26666666666666666,1,1,3,1.0,1.4,0.3333333333333333,1,2,2,0,0,1,Sheffield United FC,Brighton & Hove Albion FC,2024-02-18
1,1,DRAW,0.4,1.4,0.2,0,3,2,1.6,3.0,0.4,2,0,3,1,0,0,Everton FC,Crystal Palace FC,2024-02-19
1,0,HOME_WIN,2.4,1.0,0.8666666666666667,4,1,0,1.8,2.4,0.4,2,0,3,1,0,0,Manchester City FC,Brentford FC,2024-02-20
4,1,HOME_WIN,3.2,1.2,0.8,4,0,1,2.2,2.0,0.3333333333333333,1,2,2,0,0,1,Liverpool FC,Luton Town FC,2024-02-21
4,2,HOME_WIN,1.8,1.2,0.4666666666666667,2,1,2,1.6,1.8,0.26666666666666666,1,1,3,0,1,0,Aston Villa FC,Nottingham Forest FC,2024-02-24
1,1,DRAW,2.0,1.4,0.4666666666666667,2,1,2,0.6,1.0,0.26666666666666666,0,4,1,0,0,1,Brighton & Hove Albion FC,Everton FC,2024-02-24
3,0,HOME_WIN,1.2,3.0,0.26666666666666666,1,1,3,1.0,2.8,0.13333333333333333,0,2,3,1,0,0,Crystal Palace FC,Burnley FC,2024-02-24
1,2,AWAY_WIN,2.6,1.4,0.8666666666666667,4,1,0,1.2,1.2,0.3333333333333333,1,2,2,1,0,0,Manchester United FC,Fulham FC,2024-02-24
0,1,AWAY_WIN,1.0,2.2,0.2,0,3,2,2.0,0.6,0.8666666666666667,4,1,0,0,1,0,AFC Bournemouth,Manchester City FC,2024-02-24
4,1,HOME_WIN,4.2,0.4,1.0,5,0,0,2.8,2.4,0.5333333333333333,2,2,1,0,1,0,Arsenal FC,Newcastle United FC,2024-02-24
1,0,HOME_WIN,1.8,1.8,0.4666666666666667,2,1,2,1.4,3.2,0.26666666666666666,1,1,3,0,1,0,Wolverhampton Wanderers FC,Sheffield United FC,2024-02-25
4,2,HOME_WIN,0.6,2.8,0.13333333333333333,0,2,3,1.2,2.2,0.2,1,0,4,0,1,0,West Ham United FC,Brentford FC,2024-02-26
2,3,AWAY_WIN,2.2,2.6,0.26666666666666666,1,1,3,2.6,1.6,0.6,3,0,2,0,1,0,Luton Town FC,Aston Villa FC,2024-03-02
0,1,AWAY_WIN,1.6,2.0,0.26666666666666666,1,1,3,3.2,1.4,0.8,4,0,1,0,1,0,Nottingham Forest FC,Liverpool FC,2024-03-02
3,1,HOME_WIN,2.0,1.8,0.5333333333333333,2,2,1,1.8,2.0,0.4666666666666667,2,1,2,1,0,0,Tottenham Hotspur FC,Crystal Palace FC,2024-03-02
1,3,AWAY_WIN,0.8,1.2,0.26666666666666666,0,4,1,1.0,2.8,0.26666666666666666,1,1,3,1,0,0,Everton FC,West Ham United FC,2024-03-02
3,0,HOME_WIN,1.6,1.2,0.5333333333333333,2,2,1,2.2,1.6,0.4666666666666667,2,1,2,0,0,1,Fulham FC,Brighton & Hove Albion FC,2024-03-02
3,0,HOME_WIN,2.6,2.6,0.5333333333333333,2,2,1,2.0,1.8,0.6,3,0,2,0,0,1,Newcastle United FC,Wolverhampton Wanderers FC,2024-03-02
2,2,DRAW,1.2,2.4,0.2,1,0,4,1.6,2.0,0.4666666666666667,2,1,2,1,0,0,Brentford FC,Chelsea FC,2024-03-02
3,1,HOME_WIN,1.6,0.4,0.8666666666666667,4,1,0,2.4,1.4,0.8,4,0,1,1,0,0,Manchester City FC,Manchester United FC,2024-03-03
0,2,AWAY_WIN,0.8,3.2,0.06666666666666667,0,1,4,1.0,1.6,0.2,0,3,2,0,1,0,Burnley FC,AFC Bournemouth,2024-03-03
0,6,AWAY_WIN,1.0,3.0,0.2,1,0,4,4.0,0.6,1.0,5,0,0,0,1,0,Sheffield United FC,Arsenal FC,2024-03-04
2,0,HOME_WIN,1.8,1.4,0.6,3,0,2,1.0,1.8,0.2,0,3,2,1,0,0,Manchester United FC,Everton FC,2024-03-09
2,2,DRAW,1.2,1.4,0.3333333333333333,1,2,2,0.6,3.6,0.2,1,0,4,1,0,0,AFC Bournemouth,Sheffield United FC,2024-03-09
1,1,DRAW,1.4,2.2,0.26666666666666666,1,1,3,1.8,3.2,0.06666666666666667,0,1,4,0,1,0,Crystal Palace FC,Luton Town FC,2024-03-09
2,1,HOME_WIN,4.8,0.4,1.0,5,0,0,1.4,2.2,0.26666666666666666,1,1,3,1,0,0,Arsenal FC,Brentford FC,2024-03-09
2,1,HOME_WIN,1.4,1.6,0.6,3,0,2,2.2,1.2,0.6666666666666666,3,1,1,0,1,0,Wolverhampton Wanderers FC,Fulham FC,2024-03-09
0,4,AWAY_WIN,3.0,1.4,0.8,4,0,1,2.2,1.6,0.6666666666666666,3,1,1,1,0,0,Aston Villa FC,Tottenham Hotspur FC,2024-03-10
1,0,HOME_WIN,2.2,1.4,0.4666666666666667,2,1,2,1.4,1.8,0.26666666666666666,1,1,3,1,0,0,Brighton & Hove Albion FC,Nottingham Forest FC,2024-03-10
2,2,DRAW,1.4,2.8,0.4,2,0,3,0.6,3.0,0.06666666666666667,0,1,4,1,0,0,West Ham United FC,Burnley FC,2024-03-10
1,1,DRAW,2.6,1.2,0.8,4,0,1,1.6,0.4,0.8666666666666667,4,1,0,0,0,1,Liverpool FC,Manchester City FC,2024-03-10
3,2,HOME_WIN,1.8,2.4,0.3333333333333333,1,2,2,2.6,2.4,0.5333333333333333,2,2,1,0,1,0,Chelsea FC,Newcastle United FC,2024-03-11
4,3,HOME_WIN,1.4,1.6,0.3333333333333333,1,2,2,1.2,2.6,0.06666666666666667,0,1,4,0,0,0,AFC Bournemouth,Luton Town FC,2024-03-13
3,0,HOME_WIN,2.0,1.2,0.6,3,0,2,2.4,1.2,0.6666666666666666,3,1,1,0,1,0,Fulham FC,Tottenham Hotspur FC,2024-03-16
1,1,DRAW,1.6,2.8,0.06666666666666667,0,1,4,1.2,1.8,0.2,1,0,4,0,0,1,Luton Town FC,Nottingham Forest FC,2024-03-16
2,1,HOME_WIN,0.6,3.0,0.06666666666666667,0,1,4,1.2,2.6,0.06666666666666667,0,1,4,0,1,0,Burnley FC,Brentford FC,2024-03-16
1,1,DRAW,1.8,2.6,0.4666666666666667,2,1,2,2.0,2.2,0.6,3,0,2,0,1,0,West Ham United FC,Aston Villa FC,2024-03-17
1,1,DRAW,1.2,2.2,0.06666666666666667,0,1,4,1.6,1.4,0.6,3,0,2,0,1,0,Brentford FC,Manchester United FC,2024-03-30
2,0,HOME_WIN,2.0,2.0,0.6666666666666666,3,1,1,1.0,1.4,0.6,3,0,2,0,0,1,Aston Villa FC,Wolverhampton Wanderers FC,2024-03-30
2,1,HOME_WIN,2.0,1.4,0.6,3,0,2,1.6,2.6,0.13333333333333333,0,2,3,1,0,0,Tottenham Hotspur FC,Luton Town FC,2024-03-30
2,1,HOME_WIN,2.0,1.6,0.5333333333333333,2,2,1,0.6,1.8,0.13333333333333333,0,2,3,0,1,0,AFC Bournemouth,Everton FC,2024-03-30
1,1,DRAW,1.0,1.4,0.26666666666666666,1,1,3,1.4,1.6,0.3333333333333333,1,2,2,0,0,1,Nottingham Forest FC,Crystal Palace FC,2024-03-30
2,2,DRAW,2.2,2.0,0.5333333333333333,2,2,1,0.8,2.6,0.26666666666666666,1,1,3,1,0,0,Chelsea FC,Burnley FC,2024-03-30
4,3,HOME_WIN,2.2,2.2,0.4666666666666667,2,1,2,2.0,1.6,0.5333333333333333,2,2,1,0,0,1,Newcastle United FC,West Ham United FC,2024-03-30
3,3,DRAW,1.0,3.0,0.26666666666666666,1,1,3,2.0,1.0,0.6,3,0,2,0,1,0,Sheffield United FC,Fulham FC,2024-03-30
2,1,HOME_WIN,2.6,0.8,0.8666666666666667,4,1,0,1.6,1.2,0.4666666666666667,2,1,2,0,0,1,Liverpool FC,Brighton & Hove Albion FC,2024-03-31
0,0,DRAW,1.4,0.6,0.7333333333333333,3,2,0,4.6,0.4,1.0,5,0,0,0,1,0,Manchester City FC,Arsenal FC,2024-03-31
1,1,DRAW,1.2,2.0,0.3333333333333333,1,2,2,1.0,1.4,0.6,3,0,2,0,1,0,Burnley FC,Wolverhampton Wanderers FC,2024-04-02
1,1,DRAW,2.6,2.0,0.5333333333333333,2,2,1,2.0,1.4,0.6,3,0,2,1,0,0,West Ham United FC,Tottenham Hotspur FC,2024-04-02
1,1,DRAW,2.4,2.4,0.4666666666666667,2,1,2,0.8,1.8,0.13333333333333333,0,2,3,0,1,0,Newcastle United FC,Everton FC,2024-04-02
3,1,HOME_WIN,0.8,1.6,0.13333333333333333,0,2,3,2.4,1.2,0.6666666666666666,3,1,1,0,1,0,Nottingham Forest FC,Fulham FC,2024-04-02
1,0,HOME_WIN,2.0,1.4,0.6666666666666666,3,1,1,1.4,1.2,0.4,1,3,1,1,0,0,AFC Bournemouth,Crystal Palace FC,2024-04-02
2,0,HOME_WIN,3.4,0.4,0.8666666666666667,4,1,0,1.6,2.2,0.13333333333333333,0,2,3,1,0,0,Arsenal FC,Luton Town FC,2024-04-03
0,0,DRAW,1.4,2.2,0.13333333333333333,0,2,3,1.6,1.2,0.4666666666666667,2,1,2,0,1,0,Brentford FC,Brighton & Hove Albion FC,2024-04-03
4,1,HOME_WIN,1.2,0.4,0.7333333333333333,3,2,0,2.0,1.8,0.6666666666666666,3,1,1,0,1,0,Manchester City FC,Aston Villa FC,2024-04-03
3,1,HOME_WIN,2.4,0.8,0.8666666666666667,4,1,0,1.0,3.4,0.13333333333333333,0,2,3,1,0,0,Liverpool FC,Sheffield United FC,2024-04-04
4,3,HOME_WIN,2.2,1.6,0.6,2,3,0,1.4,1.4,0.4666666666666667,2,1,2,0,1,0,Chelsea FC,Manchester United FC,2024-04-04
0,3,AWAY_WIN,0.6,1.2,0.3333333333333333,1,2,2,2.8,0.4,0.8666666666666667,4,1,0,0,1,0,Brighton & Hove Albion FC,Arsenal FC,2024-04-06
2,1,HOME_WIN,1.2,2.0,0.13333333333333333,0,2,3,2.2,1.2,0.8666666666666667,4,1,0,0,1,0,Luton Town FC,AFC Bournemouth,2024-04-06
1,2,AWAY_WIN,0.8,1.4,0.4666666666666667,2,1,2,2.0,1.8,0.4,1,3,1,0,1,0,Wolverhampton Wanderers FC,West Ham United FC,2024-04-06
1,0,HOME_WIN,0.8,1.8,0.13333333333333333,0,2,3,1.4,1.6,0.4,1,3,1,1,0,0,Everton FC,Burnley FC,2024-04-06
3,3,DRAW,1.4,2.2,0.4666666666666667,2,1,2,1.0,1.4,0.2,0,3,2,1,0,0,Aston Villa FC,Brentford FC,2024-04-06
2,4,AWAY_WIN,1.2,1.2,0.3333333333333333,1,2,2,1.8,0.6,0.7333333333333333,3,2,0,0,0,1,Crystal Palace FC,Manchester City FC,2024-04-06
0,1,AWAY_WIN,2.2,1.6,0.4666666666666667,2,1,2,2.2,2.2,0.4666666666666667,2,1,2,0,1,0,Fulham FC,Newcastle United FC,2024-04-06
2,2,DRAW,1.6,2.0,0.26666666666666666,1,1,3,2.2,0.8,0.8666666666666667,4,1,0,0,0,1,Manchester United FC,Liverpool FC,2024-04-07
2,2,DRAW,1.2,3.0,0.13333333333333333,0,2,3,2.4,2.0,0.6,2,3,0,0,1,0,Sheffield United FC,Chelsea FC,2024-04-07
3,1,HOME_WIN,2.0,1.2,0.6666666666666666,3,1,1,1.0,1.0,0.3333333333333333,1,2,2,1,0,0,Tottenham Hotspur FC,Nottingham Forest FC,2024-04-07
2,2,DRAW,1.2,1.4,0.3333333333333333,1,2,2,0.8,1.8,0.26666666666666666,1,1,3,0,0,1,Nottingham Forest FC,Wolverhampton Wanderers FC,2024-04-13
2,2,DRAW,2.0,1.6,0.6666666666666666,3,1,1,1.8,2.0,0.3333333333333333,1,2,2,1,0,0,AFC Bournemouth,Manchester United FC,2024-04-13
1,1,DRAW,1.4,1.4,0.4,1,3,1,0.4,1.6,0.26666666666666666,1,1,3,0,0,1,Burnley FC,Brighton & Hove Albion FC,2024-04-13
2,0,HOME_WIN,1.2,1.6,0.2,0,3,2,1.6,3.2,0.2,0,3,2,0,1,0,Brentford FC,Sheffield United FC,2024-04-13
4,0,HOME_WIN,2.2,1.4,0.6666666666666666,3,1,1,2.0,1.2,0.6666666666666666,3,1,1,0,1,0,Newcastle United FC,Tottenham Hotspur FC,2024-04-13
5,1,HOME_WIN,2.4,1.0,0.7333333333333333,3,2,0,1.4,2.0,0.26666666666666666,1,1,3,1,0,0,Manchester City FC,Luton Town FC,2024-04-13
0,1,AWAY_WIN,1.8,1.0,0.7333333333333333,3,2,0,1.0,2.0,0.13333333333333333,0,2,3,1,0,0,Liverpool FC,Crystal Palace FC,2024-04-14
0,2,AWAY_WIN,1.8,1.8,0.4,1,3,1,1.6,1.8,0.26666666666666666,1,1,3,0,1,0,West Ham United FC,Fulham FC,2024-04-14
0,2,AWAY_WIN,2.6,0.2,0.8666666666666667,4,1,0,1.4,2.4,0.3333333333333333,1,2,2,0,1,0,Arsenal FC,Aston Villa FC,2024-04-14
6,0,HOME_WIN,2.6,2.2,0.6,2,3,0,0.8,1.6,0.26666666666666666,1,1,3,0,1,0,Chelsea FC,Everton FC,2024-04-15
1,5,AWAY_WIN,1.0,2.2,0.26666666666666666,1,1,3,1.4,1.2,0.4,1,3,1,0,1,0,Luton Town FC,Brentford FC,2024-04-20
1,4,AWAY_WIN,1.6,2.4,0.2,0,3,2,1.2,1.2,0.4,1,3,1,0,1,0,Sheffield United FC,Burnley FC,2024-04-20
0,2,AWAY_WIN,1.2,1.6,0.3333333333333333,1,2,2,1.4,0.6,0.6666666666666666,3,1,1,0,1,0,Wolverhampton Wanderers FC,Arsenal FC,2024-04-20
1,3,AWAY_WIN,1.8,1.4,0.4666666666666667,2,1,2,1.6,1.2,0.5333333333333333,2,2,1,0,1,0,Fulham FC,Liverpool FC,2024-04-21
2,0,HOME_WIN,0.6,2.2,0.26666666666666666,1,1,3,1.6,1.6,0.4,1,3,1,1,0,0,Everton FC,Nottingham Forest FC,2024-04-21
3,1,HOME_WIN,1.8,1.6,0.5333333333333333,2,2,1,2.0,1.6,0.6666666666666666,3,1,1,0,0,1,Aston Villa FC,AFC Bournemouth,2024-04-21
5,2,HOME_WIN,1.0,1.4,0.3333333333333333,1,2,2,1.4,1.8,0.3333333333333333,1,2,2,0,0,1,Crystal Palace FC,West Ham United FC,2024-04-21
5,0,HOME_WIN,1.4,0.4,0.6666666666666666,3,1,1,3.4,1.8,0.7333333333333333,3,2,0,0,0,1,Arsenal FC,Chelsea FC,2024-04-23
2,0,HOME_WIN,1.0,1.8,0.4666666666666667,2,1,2,2.0,1.2,0.6666666666666666,3,1,1,0,1,0,Everton FC,Liverpool FC,2024-04-24
2,0,HOME_WIN,1.8,1.6,0.4666666666666667,2,1,2,2.4,1.4,0.6666666666666666,3,1,1,0,1,0,Crystal Palace FC,Newcastle United FC,2024-04-24
0,1,AWAY_WIN,0.8,1.8,0.13333333333333333,0,2,3,1.4,1.6,0.4666666666666667,2,1,2,1,0,0,Wolverhampton Wanderers FC,AFC Bournemouth,2024-04-24
4,2,HOME_WIN,2.0,1.8,0.4,1,3,1,1.4,2.8,0.13333333333333333,0,2,3,1,0,0,Manchester United FC,Sheffield United FC,2024-04-24
0,4,AWAY_WIN,0.6,1.2,0.3333333333333333,1,2,2,2.8,1.0,0.7333333333333333,3,2,0,0,1,0,Brighton & Hove Albion FC,Manchester City FC,2024-04-25
2,2,DRAW,1.6,2.6,0.26666666666666666,1,1,3,1.6,1.4,0.4666666666666667,2,1,2,0,1,0,West Ham United FC,Liverpool FC,2024-04-27
1,1,DRAW,1.4,2.0,0.26666666666666666,1,1,3,2.0,1.4,0.6,3,0,2,0,0,1,Fulham FC,Crystal Palace FC,2024-04-27
1,1,DRAW,2.4,2.2,0.4,1,3,1,1.6,1.2,0.4,1,3,1,1,0,0,Manchester United FC,Burnley FC,2024-04-27
5,1,HOME_WIN,2.0,1.2,0.6666666666666666,3,1,1,1.2,3.0,0.06666666666666667,0,1,4,1,0,0,Newcastle United FC,Sheffield United FC,2024-04-27
2,1,HOME_WIN,0.8,1.6,0.13333333333333333,0,2,3,1.0,3.0,0.2,1,0,4,0,0,1,Wolverhampton Wanderers FC,Luton Town FC,2024-04-27
2,2,DRAW,2.2,1.6,0.6666666666666666,3,1,1,2.8,2.4,0.5333333333333333,2,2,1,1,0,0,Aston Villa FC,Chelsea FC,2024-04-27
1,0,HOME_WIN,1.2,1.4,0.6666666666666666,3,1,1,2.2,1.0,0.6,2,3,0,1,0,0,Everton FC,Brentford FC,2024-04-27
3,0,HOME_WIN,1.2,1.4,0.4666666666666667,2,1,2,0.4,2.0,0.13333333333333333,0,2,3,0,1,0,AFC Bournemouth,Brighton & Hove Albion FC,2024-04-28
2,3,AWAY_WIN,1.2,2.0,0.4666666666666667,2,1,2,2.4,0.4,0.8,4,0,1,0,0,1,Tottenham Hotspur FC,Arsenal FC,2024-04-28
0,2,AWAY_WIN,1.4,1.8,0.3333333333333333,1,2,2,3.4,0.8,0.8666666666666667,4,1,0,0,1,0,Nottingham Forest FC,Manchester City FC,2024-04-28
2,0,HOME_WIN,2.8,2.4,0.5333333333333333,2,2,1,1.6,2.0,0.4666666666666667,2,1,2,1,0,0,Chelsea FC,Tottenham Hotspur FC,2024-05-02
1,1,DRAW,1.0,3.0,0.2,1,0,4,1.2,1.2,0.8,4,0,1,1,0,0,Luton Town FC,Everton FC,2024-05-03
1,3,AWAY_WIN,1.2,3.4,0.06666666666666667,0,1,4,1.2,2.0,0.26666666666666666,1,1,3,0,1,0,Sheffield United FC,Nottingham Forest FC,2024-05-04
5,1,HOME_WIN,3.8,0.8,1.0,5,0,0,1.0,1.6,0.26666666666666666,1,1,3,0,1,0,Manchester City FC,Wolverhampton Wanderers FC,2024-05-04
3,0,HOME_WIN,2.6,0.8,0.8,4,0,1,1.6,1.4,0.4666666666666667,2,1,2,1,0,0,Arsenal FC,AFC Bournemouth,2024-05-04
0,0,DRAW,2.0,1.0,0.5333333333333333,2,2,1,1.0,1.6,0.26666666666666666,1,1,3,1,0,0,Brentford FC,Fulham FC,2024-05-04
1,4,AWAY_WIN,1.4,1.0,0.4,1,3,1,2.2,0.8,0.6666666666666666,3,1,1,0,1,0,Burnley FC,Newcastle United FC,2024-05-04
4,2,HOME_WIN,1.4,1.6,0.3333333333333333,1,2,2,1.2,2.2,0.26666666666666666,1,1,3,0,1,0,Liverpool FC,Tottenham Hotspur FC,2024-05-05
5,0,HOME_WIN,2.4,1.8,0.5333333333333333,2,2,1,1.4,2.2,0.3333333333333333,1,2,2,0,1,0,Chelsea FC,West Ham United FC,2024-05-05
1,0,HOME_WIN,0.2,2.2,0.13333333333333333,0,2,3,2.2,2.0,0.5333333333333333,2,2,1,0,1,0,Brighton & Hove Albion FC,Aston Villa FC,2024-05-05
4,0,HOME_WIN,2.2,1.4,0.6666666666666666,3,1,1,2.4,2.2,0.4,1,3,1,1,0,0,Crystal Palace FC,Manchester United FC,2024-05-06
2,3,AWAY_WIN,1.2,2.0,0.26666666666666666,1,1,3,3.0,1.4,0.6666666666666666,3,1,1,1,0,0,Nottingham Forest FC,Chelsea FC,2024-05-11
3,1,HOME_WIN,1.2,3.0,0.26666666666666666,1,1,3,1.2,2.8,0.26666666666666666,1,1,3,1,0,0,West Ham United FC,Luton Town FC,2024-05-11
1,3,AWAY_WIN,1.0,2.2,0.26666666666666666,1,1,3,2.6,0.6,0.8666666666666667,4,1,0,0,1,0,Wolverhampton Wanderers FC,Crystal Palace FC,2024-05-11
1,0,HOME_WIN,1.2,1.4,0.6666666666666666,3,1,1,1.0,3.6,0.0,0,0,5,0,0,1,Everton FC,Sheffield United FC,2024-05-11
1,2,AWAY_WIN,1.4,1.6,0.4666666666666667,2,1,2,2.0,1.0,0.5333333333333333,2,2,1,0,0,1,AFC Bournemouth,Brentford FC,2024-05-11
0,4,AWAY_WIN,0.8,1.0,0.3333333333333333,1,2,2,4.0,0.8,1.0,5,0,0,0,1,0,Fulham FC,Manchester City FC,2024-05-11
1,1,DRAW,2.8,0.8,0.8,4,0,1,0.4,2.2,0.26666666666666666,1,1,3,0,1,0,Newcastle United FC,Brighton & Hove Albion FC,2024-05-11
2,1,HOME_WIN,1.4,2.8,0.2,1,0,4,1.4,1.6,0.3333333333333333,1,2,2,1,0,0,Tottenham Hotspur FC,Burnley FC,2024-05-11
0,1,AWAY_WIN,1.8,2.2,0.4,1,3,1,2.6,0.8,0.8,4,0,1,0,1,0,Manchester United FC,Arsenal FC,2024-05-12
3,3,DRAW,2.0,1.4,0.5333333333333333,2,2,1,1.8,1.6,0.4666666666666667,2,1,2,0,1,0,Aston Villa FC,Liverpool FC,2024-05-13
0,2,AWAY_WIN,1.2,2.8,0.2,1,0,4,4.0,0.4,1.0,5,0,0,0,0,1,Tottenham Hotspur FC,Manchester City FC,2024-05-14
1,2,AWAY_WIN,0.6,1.8,0.3333333333333333,1,2,2,2.4,1.8,0.6666666666666666,3,1,1,0,1,0,Brighton & Hove Albion FC,Chelsea FC,2024-05-15
3,2,HOME_WIN,1.4,2.0,0.3333333333333333,1,2,2,2.8,1.0,0.6666666666666666,3,1,1,0,1,0,Manchester United FC,Newcastle United FC,2024-05-15
0,3,AWAY_WIN,1.0,3.4,0.0,0,0,5,1.2,2.4,0.2,1,0,4,0,1,0,Sheffield United FC,Tottenham Hotspur FC,2024-05-19
2,4,AWAY_WIN,1.8,0.6,0.6666666666666666,3,1,1,2.4,1.6,0.4666666666666667,2,1,2,0,1,0,Brentford FC,Newcastle United FC,2024-05-19
0,2,AWAY_WIN,0.6,2.0,0.26666666666666666,1,1,3,1.6,2.0,0.4666666666666667,2,1,2,1,0,0,Brighton & Hove Albion FC,Manchester United FC,2024-05-19
1,2,AWAY_WIN,1.6,1.8,0.3333333333333333,1,2,2,1.4,2.0,0.26666666666666666,1,1,3,0,0,1,Burnley FC,Nottingham Forest FC,2024-05-19
2,1,HOME_WIN,2.8,1.0,0.8666666666666667,4,1,0,1.2,1.6,0.4,2,0,3,0,0,1,Chelsea FC,AFC Bournemouth,2024-05-19
5,0,HOME_WIN,3.0,0.8,0.8666666666666667,4,1,0,2.0,1.4,0.5333333333333333,2,2,1,0,1,0,Crystal Palace FC,Aston Villa FC,2024-05-19
2,0,HOME_WIN,2.4,2.0,0.5333333333333333,2,2,1,0.8,2.4,0.2,1,0,4,1,0,0,Liverpool FC,Wolverhampton Wanderers FC,2024-05-19
2,4,AWAY_WIN,1.0,3.2,0.06666666666666667,0,1,4,0.8,1.6,0.3333333333333333,1,2,2,0,1,0,Luton Town FC,Fulham FC,2024-05-19
2,1,HOME_WIN,2.8,0.4,1.0,5,0,0,1.4,0.2,0.8666666666666667,4,1,0,1,0,0,Arsenal FC,Everton FC,2024-05-19
3,1,HOME_WIN,3.4,0.2,1.0,5,0,0,1.4,3.0,0.26666666666666666,1,1,3,1,0,0,Manchester City FC,West Ham United FC,2024-05-19
1,0,HOME_WIN,1.2,1.6,0.4666666666666667,2,1,2,1.2,2.0,0.3333333333333333,1,2,2,1,1,0,Manchester United FC,Fulham FC,2024-08-16
0,2,AWAY_WIN,0.0,0.0,0.0,0,0,0,2.2,1.8,0.5333333333333333,2,2,1,0,0,0,Ipswich Town FC,Liverpool FC,2024-08-17
2,0,HOME_WIN,2.8,0.6,1.0,5,0,0,0.8,2.4,0.2,1,0,4,2,0,0,Arsenal FC,Wolverhampton Wanderers FC,2024-08-17
0,3,AWAY_WIN,1.2,0.6,0.6666666666666666,3,1,1,0.6,1.6,0.26666666666666666,1,1,3,0,0,2,Everton FC,Brighton & Hove Albion FC,2024-08-17
1,0,HOME_WIN,3.2,1.6,0.6666666666666666,3,1,1,0.0,0.0,0.0,0,0,0,0,0,0,Newcastle United FC,Southampton FC,2024-08-17
1,1,DRAW,1.4,1.8,0.4,2,0,3,1.2,1.4,0.4,2,0,3,0,1,1,Nottingham Forest FC,AFC Bournemouth,2024-08-17
1,2,AWAY_WIN,1.6,3.2,0.26666666666666666,1,1,3,1.6,2.4,0.3333333333333333,1,2,2,0,1,1,West Ham United FC,Aston Villa FC,2024-08-17
0,2,AWAY_WIN,2.8,0.8,1.0,5,0,0,3.2,0.4,1.0,5,0,0,0,0,2,Chelsea FC,Manchester City FC,2024-08-18
2,1,HOME_WIN,1.8,1.4,0.4666666666666667,2,1,2,3.0,0.4,0.8666666666666667,4,1,0,0,1,1,Brentford FC,Crystal Palace FC,2024-08-18
1,1,DRAW,0.0,0.0,0.0,0,0,0,1.4,1.8,0.4,2,0,3,0,0,0,Leicester City FC,Tottenham Hotspur FC,2024-08-19
2,1,HOME_WIN,1.0,1.6,0.3333333333333333,1,2,2,1.0,1.0,0.3333333333333333,0,1,0,0,0,0,Fulham FC,Leicester City FC,2024-08-24
4,1,HOME_WIN,3.2,0.4,1.0,5,0,0,0.0,2.0,0.0,0,0,1,0,0,0,Manchester City FC,Ipswich Town FC,2024-08-24
0,1,AWAY_WIN,0.0,1.0,0.0,0,0,1,1.6,1.6,0.4666666666666667,2,1,2,0,0,0,Southampton FC,Nottingham Forest FC,2024-08-24
4,0,HOME_WIN,1.6,1.6,0.4666666666666667,2,1,2,0.8,1.2,0.4666666666666667,2,1,2,1,0,1,Tottenham Hotspur FC,Everton FC,2024-08-24
0,2,AWAY_WIN,1.4,2.4,0.3333333333333333,1,2,2,2.2,0.6,1.0,5,0,0,2,0,0,Aston Villa FC,Arsenal FC,2024-08-24
0,2,AWAY_WIN,2.8,0.8,0.6666666666666666,3,1,1,1.4,2.6,0.26666666666666666,1,1,3,1,0,1,Crystal Palace FC,West Ham United FC,2024-08-24
2,1,HOME_WIN,1.2,1.0,0.4666666666666667,2,1,2,1.2,1.4,0.6,3,0,2,1,1,0,Brighton & Hove Albion FC,Manchester United FC,2024-08-24
1,1,DRAW,1.2,1.6,0.26666666666666666,1,1,3,2.4,1.4,0.6666666666666666,3,1,1,1,0,1,AFC Bournemouth,Newcastle United FC,2024-08-25
2,6,AWAY_WIN,0.8,2.6,0.2,1,0,4,2.4,1.2,0.8,4,0,1,2,0,0,Wolverhampton Wanderers FC,Chelsea FC,2024-08-25
2,0,HOME_WIN,2.6,1.4,0.7333333333333333,3,2,0,1.2,1.4,0.4666666666666667,2,1,2,2,0,0,Liverpool FC,Brentford FC,2024-08-25
1,3,AWAY_WIN,1.4,2.2,0.4,2,0,3,3.0,0.4,1.0,5,0,0,0,2,0,West Ham United FC,Manchester City FC,2024-08-31
1,1,DRAW,1.8,1.2,0.6666666666666666,3,1,1,0.8,3.6,0.0,0,0,5,0,0,2,Nottingham Forest FC,Wolverhampton Wanderers FC,2024-08-31
1,1,DRAW,0.5,3.0,0.0,0,0,2,1.2,1.6,0.4666666666666667,2,1,2,0,0,0,Ipswich Town FC,Fulham FC,2024-08-31
2,3,AWAY_WIN,0.6,2.0,0.26666666666666666,1,1,3,0.8,1.8,0.13333333333333333,0,2,3,1,1,0,Everton FC,AFC Bournemouth,2024-08-31
3,1,HOME_WIN,1.2,1.6,0.4666666666666667,2,1,2,0.0,1.0,0.0,0,0,2,0,0,0,Brentford FC,Southampton FC,2024-08-31
1,1,DRAW,2.0,0.2,1.0,5,0,0,1.4,1.2,0.4666666666666667,2,1,2,2,0,0,Arsenal FC,Brighton & Hove Albion FC,2024-08-31
1,2,AWAY_WIN,1.0,1.5,0.16666666666666666,0,1,1,1.0,2.4,0.26666666666666666,1,1,3,0,0,0,Leicester City FC,Aston Villa FC,2024-08-31
1,1,DRAW,2.6,1.6,0.8,4,0,1,2.6,1.0,0.6,3,0,2,2,0,0,Chelsea FC,Crystal Palace FC,2024-09-01
2,1,HOME_WIN,1.8,1.4,0.5333333333333333,2,2,1,2.0,0.8,0.6666666666666666,3,1,1,1,1,0,Newcastle United FC,Tottenham Hotspur FC,2024-09-01
0,3,AWAY_WIN,1.4,1.0,0.6,3,0,2,2.6,1.0,0.8666666666666667,4,1,0,0,0,2,Manchester United FC,Liverpool FC,2024-09-01
3,2,HOME_WIN,1.4,2.4,0.4666666666666667,2,1,2,0.8,2.4,0.2,1,0,4,1,0,1,Aston Villa FC,Everton FC,2024-09-14
0,1,AWAY_WIN,1.4,1.6,0.3333333333333333,1,2,2,2.2,1.4,0.6666666666666666,3,1,1,0,1,1,AFC Bournemouth,Chelsea FC,2024-09-14
2,1,HOME_WIN,2.8,0.6,1.0,5,0,0,1.8,1.8,0.6,3,0,2,2,0,0,Manchester City FC,Brentford FC,2024-09-14
2,2,DRAW,2.0,1.2,0.4666666666666667,2,1,2,1.0,1.6666666666666667,0.1111111111111111,0,1,2,0,0,0,Crystal Palace FC,Leicester City FC,2024-09-14
1,1,DRAW,1.4,1.8,0.4666666666666667,2,1,2,1.6,1.8,0.4,2,0,3,2,0,0,Fulham FC,West Ham United FC,2024-09-14
0,3,AWAY_WIN,0.3333333333333333,1.6666666666666667,0.0,0,0,3,1.4,1.4,0.6,3,0,2,0,0,0,Southampton FC,Manchester United FC,2024-09-14
0,0,DRAW,1.4,1.2,0.4666666666666667,2,1,2,0.6666666666666666,2.3333333333333335,0.1111111111111111,0,1,2,0,0,0,Brighton & Hove Albion FC,Ipswich Town FC,2024-09-14
0,1,AWAY_WIN,2.4,0.6,0.8666666666666667,4,1,0,1.4,1.2,0.5333333333333333,2,2,1,2,0,0,Liverpool FC,Nottingham Forest FC,2024-09-14
0,1,AWAY_WIN,1.8,1.0,0.4666666666666667,2,1,2,1.6,0.4,0.8666666666666667,4,1,0,0,1,1,Tottenham Hotspur FC,Arsenal FC,2024-09-15
1,2,AWAY_WIN,0.8,2.8,0.06666666666666667,0,1,4,2.0,1.4,0.6666666666666666,3,1,1,0,1,1,Wolverhampton Wanderers FC,Newcastle United FC,2024-09-15
0,0,DRAW,1.8,1.4,0.3333333333333333,1,2,2,1.4,1.0,0.6,3,0,2,2,0,0,Crystal Palace FC,Manchester United FC,2024-09-21
3,1,HOME_WIN,1.8,0.8,0.4666666666666667,2,1,2,1.6,2.0,0.4,2,0,3,1,0,1,Tottenham Hotspur FC,Brentford FC,2024-09-21
1,1,DRAW,0.25,2.0,0.0,0,0,4,0.5,1.75,0.16666666666666666,0,2,2,0,0,0,Southampton FC,Ipswich Town FC,2024-09-21
3,0,HOME_WIN,1.8,0.2,0.8,4,0,1,1.2,1.4,0.3333333333333333,1,2,2,2,0,0,Liverpool FC,AFC Bournemouth,2024-09-21
3,1,HOME_WIN,1.6,1.2,0.5333333333333333,2,2,1,2.0,1.0,0.8666666666666667,4,1,0,0,2,0,Fulham FC,Newcastle United FC,2024-09-21
3,1,HOME_WIN,1.4,2.2,0.6,3,0,2,0.8,2.6,0.06666666666666667,0,1,4,1,0,1,Aston Villa FC,Wolverhampton Wanderers FC,2024-09-21
0,3,AWAY_WIN,1.2,1.8,0.26666666666666666,1,1,3,2.0,1.2,0.6666666666666666,3,1,1,1,1,0,West Ham United FC,Chelsea FC,2024-09-21
1,1,DRAW,1.25,1.75,0.16666666666666666,0,2,2,1.0,3.0,0.0,0,0,5,0,0,0,Leicester City FC,Everton FC,2024-09-21
2,2,DRAW,1.2,0.8,0.5333333333333333,2,2,1,1.2,0.6,0.7333333333333333,3,2,0,2,0,0,Brighton & Hove Albion FC,Nottingham Forest FC,2024-09-22
2,2,DRAW,2.8,0.8,1.0,5,0,0,1.6,0.4,0.8666666666666667,4,1,0,0,1,1,Manchester City FC,Arsenal FC,2024-09-22
1,2,AWAY_WIN,1.0,2.8,0.06666666666666667,0,1,4,2.0,0.2,0.8,4,0,1,0,2,0,Wolverhampton Wanderers FC,Liverpool FC,2024-09-28
0,1,AWAY_WIN,1.2,0.8,0.6,2,3,0,1.4,1.0,0.5333333333333333,2,2,1,1,1,0,Nottingham Forest FC,Fulham FC,2024-09-28
1,1,DRAW,1.4,1.8,0.4,2,0,3,1.0,1.8,0.26666666666666666,1,1,3,1,1,0,Brentford FC,West Ham United FC,2024-09-28
4,2,HOME_WIN,2.2,1.0,0.6666666666666666,3,1,1,1.6,0.8,0.6,2,3,0,2,0,0,Chelsea FC,Brighton & Hove Albion FC,2024-09-28
4,2,HOME_WIN,1.6,0.6,0.7333333333333333,3,2,0,1.2,1.6,0.2,0,3,2,0,0,0,Arsenal FC,Leicester City FC,2024-09-28
2,1,HOME_WIN,1.0,2.8,0.06666666666666667,0,1,4,0.8,1.4,0.2,0,3,2,1,0,1,Everton FC,Crystal Palace FC,2024-09-28
1,1,DRAW,1.4,1.2,0.6666666666666666,3,1,1,2.6,1.0,0.8666666666666667,4,1,0,0,2,0,Newcastle United FC,Manchester City FC,2024-09-28
0,3,AWAY_WIN,1.0,1.0,0.4666666666666667,2,1,2,1.8,1.0,0.4666666666666667,2,1,2,0,1,1,Manchester United FC,Tottenham Hotspur FC,2024-09-29
2,2,DRAW,0.6,1.6,0.2,0,3,2,2.0,1.4,0.8,4,0,1,0,0,0,Ipswich Town FC,Aston Villa FC,2024-09-29
3,1,HOME_WIN,1.0,1.6,0.3333333333333333,1,2,2,0.4,1.8,0.06666666666666667,0,1,4,0,0,0,AFC Bournemouth,Southampton FC,2024-09-30
0,1,AWAY_WIN,0.8,1.4,0.2,0,3,2,2.0,0.4,0.8,4,0,1,1,1,0,Crystal Palace FC,Liverpool FC,2024-10-05
3,1,HOME_WIN,2.0,1.0,0.7333333333333333,3,2,0,0.6,2.2,0.06666666666666667,0,1,4,0,0,0,Arsenal FC,Southampton FC,2024-10-05
5,3,HOME_WIN,1.2,1.8,0.26666666666666666,1,1,3,1.2,2.8,0.06666666666666667,0,1,4,1,1,0,Brentford FC,Wolverhampton Wanderers FC,2024-10-05
1,0,HOME_WIN,1.4,2.2,0.13333333333333333,0,2,3,1.4,1.6,0.4666666666666667,2,1,2,0,0,0,Leicester City FC,AFC Bournemouth,2024-10-05
4,1,HOME_WIN,1.0,1.6,0.3333333333333333,1,2,2,1.0,1.6,0.26666666666666666,0,4,1,0,0,0,West Ham United FC,Ipswich Town FC,2024-10-05
0,0,DRAW,1.4,2.4,0.26666666666666666,1,1,3,1.4,1.4,0.5333333333333333,2,2,1,1,0,1,Everton FC,Newcastle United FC,2024-10-05
3,2,HOME_WIN,2.4,1.2,0.7333333333333333,3,2,0,1.6,0.8,0.7333333333333333,3,2,0,2,0,0,Manchester City FC,Fulham FC,2024-10-05
0,0,DRAW,2.0,1.6,0.6666666666666666,3,1,1,0.8,1.6,0.26666666666666666,1,1,3,0,2,0,Aston Villa FC,Manchester United FC,2024-10-06
1,1,DRAW,3.0,1.0,0.8666666666666667,4,1,0,1.0,0.8,0.5333333333333333,2,2,1,1,1,0,Chelsea FC,Nottingham Forest FC,2024-10-06
3,2,HOME_WIN,1.4,1.6,0.4,1,3,1,2.2,0.8,0.6,3,0,2,1,1,0,Brighton & Hove Albion FC,Tottenham Hotspur FC,2024-10-06
2,3,AWAY_WIN,0.8,2.6,0.06666666666666667,0,1,4,1.4,1.8,0.3333333333333333,1,2,2,0,0,0,Southampton FC,Leicester City FC,2024-10-19
2,0,HOME_WIN,1.2,1.6,0.4,2,0,3,2.2,1.2,0.7333333333333333,3,2,0,0,2,0,AFC Bournemouth,Arsenal FC,2024-10-19
0,1,AWAY_WIN,1.2,1.2,0.5333333333333333,2,2,1,1.6,1.8,0.4,1,3,1,0,1,1,Newcastle United FC,Brighton & Hove Albion FC,2024-10-19
0,2,AWAY_WIN,1.0,1.6,0.26666666666666666,0,4,1,1.4,1.6,0.3333333333333333,1,2,2,0,0,0,Ipswich Town FC,Everton FC,2024-10-19
1,3,AWAY_WIN,1.6,1.2,0.5333333333333333,2,2,1,2.0,1.2,0.7333333333333333,3,2,0,0,2,0,Fulham FC,Aston Villa FC,2024-10-19
4,1,HOME_WIN,1.8,1.4,0.4,2,0,3,1.4,1.8,0.3333333333333333,1,2,2,0,1,1,Tottenham Hotspur FC,West Ham United FC,2024-10-19
2,1,HOME_WIN,0.6,1.2,0.3333333333333333,1,2,2,2.2,2.0,0.4666666666666667,2,1,2,1,0,1,Manchester United FC,Brentford FC,2024-10-19
1,2,AWAY_WIN,1.4,2.6,0.06666666666666667,0,1,4,2.2,1.4,0.7333333333333333,3,2,0,1,1,0,Wolverhampton Wanderers FC,Manchester City FC,2024-10-20
2,1,HOME_WIN,1.8,0.4,0.8,4,0,1,2.0,0.8,0.7333333333333333,3,2,0,1,0,1,Liverpool FC,Chelsea FC,2024-10-20
1,0,HOME_WIN,1.0,1.0,0.4,1,3,1,0.8,1.2,0.2,0,3,2,0,0,2,Nottingham Forest FC,Crystal Palace FC,2024-10-21
1,3,AWAY_WIN,1.8,1.8,0.5333333333333333,2,2,1,1.0,0.8,0.5333333333333333,2,2,1,0,0,0,Leicester City FC,Nottingham Forest FC,2024-10-25
1,1,DRAW,1.4,1.0,0.5333333333333333,2,2,1,1.6,1.6,0.4666666666666667,2,1,2,0,1,1,Everton FC,Fulham FC,2024-10-26
1,0,HOME_WIN,2.0,1.4,0.7333333333333333,3,2,0,1.0,2.6,0.06666666666666667,0,1,4,0,0,0,Manchester City FC,Southampton FC,2024-10-26
4,3,HOME_WIN,1.8,2.2,0.26666666666666666,1,1,3,0.8,1.8,0.2,0,3,2,0,0,0,Brentford FC,Ipswich Town FC,2024-10-26
1,1,DRAW,2.2,1.2,0.7333333333333333,3,2,0,1.0,1.2,0.4,2,0,3,1,0,1,Aston Villa FC,AFC Bournemouth,2024-10-26
2,2,DRAW,1.6,1.6,0.5333333333333333,2,2,1,1.4,2.8,0.0,0,0,5,1,0,1,Brighton & Hove Albion FC,Wolverhampton Wanderers FC,2024-10-26
2,1,HOME_WIN,2.0,1.0,0.6666666666666666,3,1,1,0.8,1.2,0.3333333333333333,1,2,2,1,1,0,Chelsea FC,Newcastle United FC,2024-10-27
1,0,HOME_WIN,0.6,1.2,0.13333333333333333,0,2,3,2.4,1.2,0.6,3,0,2,0,2,0,Crystal Palace FC,Tottenham Hotspur FC,2024-10-27
2,1,HOME_WIN,1.4,2.0,0.3333333333333333,1,2,2,1.0,0.8,0.5333333333333333,2,2,1,1,1,0,West Ham United FC,Manchester United FC,2024-10-27
2,2,DRAW,2.0,1.4,0.6666666666666666,3,1,1,1.6,0.6,0.8,4,0,1,1,0,1,Arsenal FC,Liverpool FC,2024-10-27
1,0,HOME_WIN,1.0,2.2,0.06666666666666667,0,1,4,1.2,0.6,0.6,2,3,0,0,0,0,Southampton FC,Everton FC,2024-11-02
3,0,HOME_WIN,1.4,1.0,0.5333333333333333,2,2,1,1.6,2.0,0.4666666666666667,2,1,2,1,1,0,Nottingham Forest FC,West Ham United FC,2024-11-02
2,2,DRAW,1.6,2.8,0.06666666666666667,0,1,4,0.4,0.8,0.26666666666666666,1,1,3,0,2,0,Wolverhampton Wanderers FC,Crystal Palace FC,2024-11-02
1,1,DRAW,1.4,2.6,0.13333333333333333,0,2,3,1.6,2.0,0.4666666666666667,2,1,2,0,0,0,Ipswich Town FC,Leicester City FC,2024-11-02
1,0,HOME_WIN,0.6,1.4,0.13333333333333333,0,2,3,2.2,1.8,0.5333333333333333,2,2,1,1,1,0,Newcastle United FC,Arsenal FC,2024-11-02
2,1,HOME_WIN,1.2,1.2,0.4666666666666667,2,1,2,1.8,1.2,0.7333333333333333,3,2,0,0,2,0,AFC Bournemouth,Manchester City FC,2024-11-02
2,1,HOME_WIN,2.0,0.8,0.8666666666666667,4,1,0,2.0,2.0,0.5333333333333333,2,2,1,1,0,1,Liverpool FC,Brighton & Hove Albion FC,2024-11-02
4,1,HOME_WIN,2.4,1.2,0.6,3,0,2,1.8,1.0,0.6,2,3,0,1,1,0,Tottenham Hotspur FC,Aston Villa FC,2024-11-03
1,1,DRAW,0.6,1.2,0.3333333333333333,1,2,2,2.2,1.2,0.6666666666666666,3,1,1,1,1,0,Manchester United FC,Chelsea FC,2024-11-03
2,1,HOME_WIN,1.6,1.6,0.4666666666666667,2,1,2,2.4,2.4,0.4666666666666667,2,1,2,0,1,1,Fulham FC,Brentford FC,2024-11-04
2,0,HOME_WIN,1.8,1.0,0.8666666666666667,4,1,0,1.4,1.6,0.4,1,3,1,1,0,1,Liverpool FC,Aston Villa FC,2024-11-09
2,1,HOME_WIN,1.8,2.0,0.4666666666666667,2,1,2,1.6,1.2,0.6666666666666666,3,1,1,0,2,0,Brighton & Hove Albion FC,Manchester City FC,2024-11-09
3,2,HOME_WIN,2.4,2.2,0.4666666666666667,2,1,2,1.6,0.8,0.6666666666666666,3,1,1,1,0,1,Brentford FC,AFC Bournemouth,2024-11-09
0,0,DRAW,1.6,2.0,0.4666666666666667,2,1,2,1.0,0.6,0.5333333333333333,2,2,1,1,1,0,West Ham United FC,Everton FC,2024-11-09
2,0,HOME_WIN,1.8,2.6,0.13333333333333333,0,2,3,1.0,2.0,0.2,1,0,4,0,0,0,Wolverhampton Wanderers FC,Southampton FC,2024-11-09
0,2,AWAY_WIN,0.8,1.2,0.26666666666666666,1,1,3,1.4,1.6,0.4666666666666667,2,1,2,0,0,2,Crystal Palace FC,Fulham FC,2024-11-09
1,2,AWAY_WIN,2.6,1.2,0.6,3,0,2,1.4,2.6,0.13333333333333333,0,2,3,0,0,0,Tottenham Hotspur FC,Ipswich Town FC,2024-11-10
1,1,DRAW,1.8,1.4,0.5333333333333333,2,2,1,1.8,1.6,0.4666666666666667,2,1,2,0,1,1,Chelsea FC,Arsenal FC,2024-11-10
3,0,HOME_WIN,0.8,1.4,0.3333333333333333,1,2,2,1.6,2.0,0.4666666666666667,2,1,2,0,0,0,Manchester United FC,Leicester City FC,2024-11-10
1,3,AWAY_WIN,1.6,0.6,0.6666666666666666,3,1,1,0.6,0.8,0.3333333333333333,1,2,2,1,1,0,Nottingham Forest FC,Newcastle United FC,2024-11-10
1,2,AWAY_WIN,1.2,1.8,0.4666666666666667,2,1,2,1.2,1.2,0.4,1,3,1,0,0,0,Leicester City FC,Chelsea FC,2024-11-23
1,2,AWAY_WIN,1.4,1.2,0.4666666666666667,2,1,2,1.8,1.4,0.6666666666666666,3,1,1,1,1,0,AFC Bournemouth,Brighton & Hove Albion FC,2024-11-23
3,0,HOME_WIN,1.2,1.4,0.3333333333333333,1,2,2,1.8,1.0,0.6666666666666666,3,1,1,2,0,0,Arsenal FC,Nottingham Forest FC,2024-11-23
2,2,DRAW,1.0,1.6,0.3333333333333333,1,2,2,0.6,1.2,0.26666666666666666,1,1,3,1,1,0,Aston Villa FC,Crystal Palace FC,2024-11-23
0,0,DRAW,0.6,0.4,0.4,1,3,1,2.8,2.4,0.6,3,0,2,2,0,0,Everton FC,Brentford FC,2024-11-23
1,4,AWAY_WIN,1.6,1.6,0.4666666666666667,2,1,2,2.0,2.2,0.3333333333333333,1,2,2,1,1,0,Fulham FC,Wolverhampton Wanderers FC,2024-11-23
0,4,AWAY_WIN,1.6,1.4,0.6,3,0,2,2.2,1.6,0.4,2,0,3,1,0,1,Manchester City FC,Tottenham Hotspur FC,2024-11-23
2,3,AWAY_WIN,0.8,1.8,0.2,1,0,4,1.8,0.8,0.8666666666666667,4,1,0,0,0,0,Southampton FC,Liverpool FC,2024-11-24
1,1,DRAW,1.4,2.4,0.26666666666666666,1,1,3,1.4,0.8,0.5333333333333333,2,2,1,0,0,0,Ipswich Town FC,Manchester United FC,2024-11-24
0,2,AWAY_WIN,1.0,0.8,0.4666666666666667,2,1,2,1.4,1.8,0.4666666666666667,2,1,2,1,0,1,Newcastle United FC,West Ham United FC,2024-11-25
1,1,DRAW,1.6,1.2,0.6666666666666666,3,1,1,1.0,1.8,0.2,1,0,4,0,0,0,Brighton & Hove Albion FC,Southampton FC,2024-11-29
2,4,AWAY_WIN,2.2,1.4,0.5333333333333333,2,2,1,1.6,1.4,0.4666666666666667,2,1,2,1,1,0,Wolverhampton Wanderers FC,AFC Bournemouth,2024-11-30
2,5,AWAY_WIN,1.0,1.6,0.4666666666666667,2,1,2,1.2,1.2,0.3333333333333333,1,2,2,1,1,0,West Ham United FC,Arsenal FC,2024-11-30
1,1,DRAW,1.0,1.4,0.3333333333333333,1,2,2,1.0,1.2,0.4,2,0,3,1,1,0,Crystal Palace FC,Newcastle United FC,2024-11-30
4,1,HOME_WIN,1.8,1.8,0.4666666666666667,2,1,2,1.2,2.2,0.26666666666666666,1,1,3,0,0,0,Brentford FC,Leicester City FC,2024-11-30
1,0,HOME_WIN,1.6,1.4,0.6,3,0,2,1.4,1.8,0.3333333333333333,1,2,2,0,0,0,Nottingham Forest FC,Ipswich Town FC,2024-11-30
1,1,DRAW,2.6,1.0,0.6,3,0,2,1.4,1.8,0.4666666666666667,2,1,2,1,1,0,Tottenham Hotspur FC,Fulham FC,2024-12-01
2,0,HOME_WIN,2.2,1.2,0.8666666666666667,4,1,0,1.0,1.8,0.4,2,0,3,0,0,2,Liverpool FC,Manchester City FC,2024-12-01
3,0,HOME_WIN,1.4,1.2,0.5333333333333333,2,2,1,1.4,2.0,0.3333333333333333,1,2,2,0,1,1,Chelsea FC,Aston Villa FC,2024-12-01
4,0,HOME_WIN,1.6,1.0,0.5333333333333333,2,2,1,0.6,0.4,0.4,1,3,1,2,0,0,Manchester United FC,Everton FC,2024-12-01
0,1,AWAY_WIN,1.4,1.6,0.3333333333333333,1,2,2,1.2,1.4,0.4,1,3,1,0,0,0,Ipswich Town FC,Crystal Palace FC,2024-12-03
3,1,HOME_WIN,0.8,2.6,0.06666666666666667,0,1,4,1.2,1.8,0.4666666666666667,2,1,2,0,0,0,Leicester City FC,West Ham United FC,2024-12-03
4,0,HOME_WIN,0.2,1.2,0.2,0,3,2,2.4,1.8,0.5333333333333333,2,2,1,0,2,0,Everton FC,Wolverhampton Wanderers FC,2024-12-04
3,3,DRAW,1.2,1.2,0.4666666666666667,2,1,2,2.2,1.0,0.8666666666666667,4,1,0,0,2,0,Newcastle United FC,Liverpool FC,2024-12-04
1,5,AWAY_WIN,0.8,1.4,0.26666666666666666,1,1,3,1.8,0.8,0.7333333333333333,3,2,0,0,0,0,Southampton FC,Chelsea FC,2024-12-04
2,0,HOME_WIN,2.2,1.2,0.5333333333333333,2,2,1,2.0,0.8,0.5333333333333333,2,2,1,2,0,0,Arsenal FC,Manchester United FC,2024-12-04
3,1,HOME_WIN,0.8,2.4,0.13333333333333333,0,2,3,2.4,1.6,0.6666666666666666,3,1,1,1,0,1,Aston Villa FC,Brentford FC,2024-12-04
3,0,HOME_WIN,0.6,2.0,0.2,1,0,4,1.6,1.4,0.6,3,0,2,2,0,0,Manchester City FC,Nottingham Forest FC,2024-12-04
3,1,HOME_WIN,1.4,1.4,0.5333333333333333,2,2,1,1.6,1.4,0.5333333333333333,2,2,1,1,0,1,Fulham FC,Brighton & Hove Albion FC,2024-12-05
1,0,HOME_WIN,2.0,1.8,0.4666666666666667,2,1,2,2.0,1.0,0.4666666666666667,2,1,2,0,2,0,AFC Bournemouth,Tottenham Hotspur FC,2024-12-05
2,3,AWAY_WIN,1.8,0.8,0.5333333333333333,2,2,1,1.0,1.8,0.4,2,0,3,1,1,0,Manchester United FC,Nottingham Forest FC,2024-12-07
2,2,DRAW,1.2,1.4,0.4,1,3,1,1.0,2.0,0.2,1,0,4,0,1,1,Crystal Palace FC,Manchester City FC,2024-12-07
4,2,HOME_WIN,1.8,1.6,0.4666666666666667,2,1,2,1.6,1.4,0.5333333333333333,2,2,1,0,2,0,Brentford FC,Newcastle United FC,2024-12-07
1,0,HOME_WIN,1.2,2.4,0.26666666666666666,1,1,3,1.0,2.2,0.26666666666666666,1,1,3,0,0,0,Aston Villa FC,Southampton FC,2024-12-07
1,1,DRAW,1.8,1.4,0.6666666666666666,3,1,1,2.2,0.8,0.6666666666666666,3,1,1,1,0,1,Fulham FC,Arsenal FC,2024-12-08
3,4,AWAY_WIN,2.0,1.0,0.4666666666666667,2,1,2,2.4,0.8,0.7333333333333333,3,2,0,0,2,0,Tottenham Hotspur FC,Chelsea FC,2024-12-08
1,2,AWAY_WIN,0.8,1.0,0.3333333333333333,1,2,2,2.0,1.6,0.6,3,0,2,0,0,0,Ipswich Town FC,AFC Bournemouth,2024-12-08
2,2,DRAW,1.2,2.2,0.26666666666666666,1,1,3,1.4,1.6,0.4666666666666667,2,1,2,0,0,0,Leicester City FC,Brighton & Hove Albion FC,2024-12-08
2,1,HOME_WIN,1.0,2.2,0.26666666666666666,1,1,3,2.0,2.2,0.4666666666666667,2,1,2,2,0,0,West Ham United FC,Wolverhampton Wanderers FC,2024-12-09
4,0,HOME_WIN,1.8,2.2,0.3333333333333333,1,2,2,1.4,2.4,0.26666666666666666,1,1,3,0,0,0,Newcastle United FC,Leicester City FC,2024-12-14
1,2,AWAY_WIN,1.8,2.2,0.4,2,0,3,0.8,1.2,0.26666666666666666,1,1,3,0,0,0,Wolverhampton Wanderers FC,Ipswich Town FC,2024-12-14
2,1,HOME_WIN,1.0,2.2,0.4,2,0,3,1.2,1.6,0.4666666666666667,2,1,2,1,1,0,Nottingham Forest FC,Aston Villa FC,2024-12-14
0,0,DRAW,2.4,0.8,0.7333333333333333,3,2,0,0.8,1.0,0.3333333333333333,1,2,2,2,0,0,Arsenal FC,Everton FC,2024-12-14
2,2,DRAW,2.4,1.2,0.8666666666666667,4,1,0,1.6,1.4,0.5333333333333333,2,2,1,2,0,0,Liverpool FC,Fulham FC,2024-12-14
1,3,AWAY_WIN,1.6,1.6,0.5333333333333333,2,2,1,1.2,1.4,0.4,1,3,1,1,0,1,Brighton & Hove Albion FC,Crystal Palace FC,2024-12-15
1,2,AWAY_WIN,1.2,2.0,0.26666666666666666,1,1,3,2.0,1.2,0.4666666666666667,2,1,2,2,0,0,Manchester City FC,Manchester United FC,2024-12-15
2,1,HOME_WIN,3.0,1.2,0.8666666666666667,4,1,0,2.4,1.6,0.6666666666666666,3,1,1,0,1,1,Chelsea FC,Brentford FC,2024-12-15
0,5,AWAY_WIN,0.8,2.4,0.06666666666666667,0,1,4,1.8,1.6,0.26666666666666666,1,1,3,0,0,0,Southampton FC,Tottenham Hotspur FC,2024-12-15
1,1,DRAW,2.0,1.6,0.6,3,0,2,1.4,1.8,0.4666666666666667,2,1,2,0,0,2,AFC Bournemouth,West Ham United FC,2024-12-16
2,1,HOME_WIN,1.4,1.6,0.4666666666666667,2,1,2,1.2,2.0,0.26666666666666666,1,1,3,1,1,0,Aston Villa FC,Manchester City FC,2024-12-21
0,2,AWAY_WIN,2.0,1.6,0.4666666666666667,2,1,2,1.2,1.8,0.6,3,0,2,1,0,1,Brentford FC,Nottingham Forest FC,2024-12-21
0,4,AWAY_WIN,0.8,1.2,0.26666666666666666,1,1,3,2.0,2.0,0.3333333333333333,1,2,2,0,0,0,Ipswich Town FC,Newcastle United FC,2024-12-21
1,1,DRAW,1.6,2.0,0.4666666666666667,2,1,2,1.4,2.0,0.3333333333333333,1,2,2,1,0,1,West Ham United FC,Brighton & Hove Albion FC,2024-12-21
1,5,AWAY_WIN,1.8,1.2,0.6,2,3,0,2.2,0.6,0.7333333333333333,3,2,0,0,2,0,Crystal Palace FC,Arsenal FC,2024-12-21
0,3,AWAY_WIN,1.8,1.4,0.4666666666666667,2,1,2,1.8,1.2,0.6666666666666666,3,1,1,0,1,1,Manchester United FC,AFC Bournemouth,2024-12-22
3,6,AWAY_WIN,2.6,1.2,0.4666666666666667,2,1,2,2.4,1.4,0.7333333333333333,3,2,0,1,1,0,Tottenham Hotspur FC,Liverpool FC,2024-12-22
0,0,DRAW,0.8,0.8,0.4,1,3,1,3.2,1.2,1.0,5,0,0,1,1,0,Everton FC,Chelsea FC,2024-12-22
0,0,DRAW,1.6,1.8,0.4,1,3,1,0.8,3.0,0.06666666666666667,0,1,4,0,0,0,Fulham FC,Southampton FC,2024-12-22
0,3,AWAY_WIN,1.4,2.6,0.26666666666666666,1,1,3,1.6,2.6,0.2,1,0,4,0,0,0,Leicester City FC,Wolverhampton Wanderers FC,2024-12-22
1,2,AWAY_WIN,2.8,1.0,0.8666666666666667,4,1,0,1.4,1.0,0.4666666666666667,1,4,0,2,0,0,Chelsea FC,Fulham FC,2024-12-26
3,0,HOME_WIN,2.8,1.6,0.5333333333333333,2,2,1,1.4,1.4,0.6,3,0,2,2,0,0,Newcastle United FC,Aston Villa FC,2024-12-26
1,0,HOME_WIN,1.6,1.2,0.8,4,0,1,2.4,2.4,0.26666666666666666,1,1,3,0,2,0,Nottingham Forest FC,Tottenham Hotspur FC,2024-12-26
0,1,AWAY_WIN,0.4,2.4,0.13333333333333333,0,2,3,1.4,2.2,0.3333333333333333,1,2,2,0,0,0,Southampton FC,West Ham United FC,2024-12-26
2,0,HOME_WIN,1.4,2.4,0.2,1,0,4,1.6,1.8,0.4,2,0,3,0,2,0,Wolverhampton Wanderers FC,Manchester United FC,2024-12-26
3,1,HOME_WIN,3.2,2.0,0.7333333333333333,3,2,0,1.2,2.8,0.26666666666666666,1,1,3,0,0,0,Liverpool FC,Leicester City FC,2024-12-26
0,0,DRAW,2.2,0.8,0.8666666666666667,4,1,0,1.6,1.8,0.5333333333333333,2,2,1,2,0,0,AFC Bournemouth,Crystal Palace FC,2024-12-26
1,1,DRAW,1.4,1.6,0.26666666666666666,1,1,3,0.8,0.8,0.4,1,3,1,2,0,0,Manchester City FC,Everton FC,2024-12-26
1,0,HOME_WIN,2.6,0.8,0.7333333333333333,3,2,0,0.6,1.8,0.2,1,0,4,0,0,0,Arsenal FC,Ipswich Town FC,2024-12-27
0,0,DRAW,1.2,2.0,0.2,0,3,2,2.0,2.0,0.4,2,0,3,1,0,1,Brighton & Hove Albion FC,Brentford FC,2024-12-27
0,2,AWAY_WIN,1.0,1.0,0.4,1,3,1,1.6,1.2,0.8,4,0,1,2,0,0,Everton FC,Nottingham Forest FC,2024-12-29
2,2,DRAW,1.6,1.0,0.6,2,3,0,1.4,0.4,0.7333333333333333,3,2,0,1,1,0,Fulham FC,AFC Bournemouth,2024-12-29
2,2,DRAW,2.2,2.4,0.2,1,0,4,1.4,1.6,0.4,2,0,3,0,2,0,Tottenham Hotspur FC,Wolverhampton Wanderers FC,2024-12-29
0,5,AWAY_WIN,1.2,1.2,0.5333333333333333,2,2,1,3.2,1.8,0.7333333333333333,3,2,0,0,1,1,West Ham United FC,Liverpool FC,2024-12-29
0,2,AWAY_WIN,1.2,2.6,0.26666666666666666,1,1,3,1.6,1.4,0.3333333333333333,1,2,2,0,0,0,Leicester City FC,Manchester City FC,2024-12-29
2,1,HOME_WIN,1.4,1.6,0.5333333333333333,2,2,1,0.2,2.4,0.06666666666666667,0,1,4,0,0,0,Crystal Palace FC,Southampton FC,2024-12-29
2,2,DRAW,1.4,1.4,0.6,3,0,2,1.0,1.8,0.2,0,3,2,1,1,0,Aston Villa FC,Brighton & Hove Albion FC,2024-12-30
2,0,HOME_WIN,0.6,1.8,0.2,1,0,4,2.4,1.4,0.6666666666666666,3,1,1,0,0,0,Ipswich Town FC,Chelsea FC,2024-12-30
0,2,AWAY_WIN,0.8,2.2,0.2,1,0,4,3.2,1.4,0.6666666666666666,3,1,1,1,1,0,Manchester United FC,Newcastle United FC,2024-12-30
1,3,AWAY_WIN,1.2,1.8,0.26666666666666666,1,1,3,1.8,0.4,0.7333333333333333,3,2,0,0,2,0,Brentford FC,Arsenal FC,2025-01-01
1,2,AWAY_WIN,2.6,2.6,0.26666666666666666,1,1,3,3.0,0.8,0.8,4,0,1,1,2,0,Tottenham Hotspur FC,Newcastle United FC,2025-01-04
0,5,AWAY_WIN,0.2,1.8,0.06666666666666667,0,1,4,1.2,1.8,0.26666666666666666,1,1,3,0,1,0,Southampton FC,Brentford FC,2025-01-04
1,1,DRAW,1.2,1.6,0.26666666666666666,0,4,1,2.0,0.6,0.7333333333333333,3,2,0,0,2,1,Brighton & Hove Albion FC,Arsenal FC,2025-01-04
2,1,HOME_WIN,1.2,1.6,0.4666666666666667,2,1,2,0.6,2.8,0.06666666666666667,0,1,4,1,0,0,Aston Villa FC,Leicester City FC,2025-01-04
1,0,HOME_WIN,1.6,0.8,0.6,2,3,0,1.0,0.6,0.4,1,3,1,2,1,0,AFC Bournemouth,Everton FC,2025-01-04
1,1,DRAW,1.6,1.8,0.5333333333333333,2,2,1,1.4,1.6,0.4666666666666667,2,1,2,0,2,1,Crystal Palace FC,Chelsea FC,2025-01-04
4,1,HOME_WIN,1.4,1.4,0.3333333333333333,1,2,2,1.0,1.6,0.5333333333333333,2,2,1,3,0,0,Manchester City FC,West Ham United FC,2025-01-04
2,2,DRAW,3.8,1.8,0.7333333333333333,3,2,0,0.8,2.2,0.2,1,0,4,1,0,2,Liverpool FC,Manchester United FC,2025-01-05
2,2,DRAW,1.4,1.2,0.4666666666666667,1,4,0,1.0,1.6,0.4,2,0,3,0,0,1,Fulham FC,Ipswich Town FC,2025-01-05
0,3,AWAY_WIN,1.8,1.2,0.4666666666666667,2,1,2,2.0,0.6,1.0,5,0,0,0,0,3,Wolverhampton Wanderers FC,Nottingham Forest FC,2025-01-06
2,2,DRAW,0.8,1.2,0.3333333333333333,1,2,2,1.4,0.6,0.6,2,3,0,2,0,1,Chelsea FC,AFC Bournemouth,2025-01-14
1,1,DRAW,2.0,0.2,1.0,5,0,0,3.6,1.6,0.7333333333333333,3,2,0,1,2,0,Nottingham Forest FC,Liverpool FC,2025-01-14
2,2,DRAW,1.4,1.4,0.26666666666666666,1,1,3,1.8,1.2,0.4666666666666667,2,1,2,0,3,0,Brentford FC,Manchester City FC,2025-01-14
3,2,HOME_WIN,0.8,2.2,0.3333333333333333,1,2,2,1.6,1.4,0.4666666666666667,1,4,0,0,2,1,West Ham United FC,Fulham FC,2025-01-14
0,1,AWAY_WIN,0.2,0.8,0.2,0,3,2,1.4,1.8,0.4666666666666667,2,1,2,0,2,1,Everton FC,Aston Villa FC,2025-01-15
0,2,AWAY_WIN,0.4,2.8,0.0,0,0,5,1.4,1.6,0.5333333333333333,2,2,1,0,0,1,Leicester City FC,Crystal Palace FC,2025-01-15
3,0,HOME_WIN,3.0,0.2,1.0,5,0,0,1.6,1.4,0.4666666666666667,2,1,2,2,0,1,Newcastle United FC,Wolverhampton Wanderers FC,2025-01-15
2,1,HOME_WIN,2.0,0.6,0.7333333333333333,3,2,0,2.2,2.2,0.26666666666666666,1,1,3,2,0,1,Arsenal FC,Tottenham Hotspur FC,2025-01-15
0,2,AWAY_WIN,1.2,1.6,0.4666666666666667,2,1,2,1.0,1.4,0.26666666666666666,0,4,1,0,0,1,Ipswich Town FC,Brighton & Hove Albion FC,2025-01-16
3,1,HOME_WIN,0.8,2.0,0.26666666666666666,1,1,3,0.2,2.6,0.06666666666666667,0,1,4,1,0,0,Manchester United FC,Southampton FC,2025-01-16
2,2,DRAW,2.4,0.8,0.8666666666666667,4,1,0,1.4,1.4,0.6666666666666666,3,1,1,1,2,0,Arsenal FC,Aston Villa FC,2025-01-18
0,2,AWAY_WIN,0.4,2.4,0.0,0,0,5,1.6,1.6,0.4,1,3,1,0,1,0,Leicester City FC,Fulham FC,2025-01-18
0,2,AWAY_WIN,1.2,2.4,0.4666666666666667,2,1,2,1.2,1.4,0.5333333333333333,2,2,1,1,1,1,West Ham United FC,Crystal Palace FC,2025-01-18
1,4,AWAY_WIN,2.8,0.2,1.0,5,0,0,1.6,0.8,0.6,2,3,0,0,1,2,Newcastle United FC,AFC Bournemouth,2025-01-18
0,2,AWAY_WIN,1.6,1.4,0.3333333333333333,1,2,2,3.4,1.4,0.7333333333333333,3,2,0,0,3,0,Brentford FC,Liverpool FC,2025-01-18
1,3,AWAY_WIN,1.0,2.0,0.26666666666666666,1,1,3,1.2,0.8,0.4666666666666667,1,4,0,1,2,0,Manchester United FC,Brighton & Hove Albion FC,2025-01-19
3,2,HOME_WIN,1.8,0.2,0.8666666666666667,4,1,0,0.4,2.2,0.06666666666666667,0,1,4,1,0,0,Nottingham Forest FC,Southampton FC,2025-01-19
3,2,HOME_WIN,0.2,1.0,0.13333333333333333,0,2,3,1.4,2.6,0.06666666666666667,0,1,4,0,2,1,Everton FC,Tottenham Hotspur FC,2025-01-19
0,6,AWAY_WIN,0.8,1.8,0.26666666666666666,1,1,3,2.0,1.2,0.5333333333333333,2,2,1,0,1,0,Ipswich Town FC,Manchester City FC,2025-01-19
3,1,HOME_WIN,0.8,1.4,0.2,0,3,2,1.4,1.6,0.4666666666666667,2,1,2,1,2,0,Chelsea FC,Wolverhampton Wanderers FC,2025-01-20
3,1,HOME_WIN,3.0,0.8,0.7333333333333333,3,2,0,1.4,1.6,0.3333333333333333,1,2,2,1,0,2,Manchester City FC,Chelsea FC,2025-01-25
5,0,HOME_WIN,1.8,1.0,0.6,2,3,0,2.0,0.6,0.8666666666666667,4,1,0,1,0,2,AFC Bournemouth,Nottingham Forest FC,2025-01-25
0,1,AWAY_WIN,1.0,2.2,0.26666666666666666,1,1,3,1.8,1.0,0.7333333333333333,3,2,0,0,3,0,Wolverhampton Wanderers FC,Arsenal FC,2025-01-25
0,1,AWAY_WIN,1.6,0.8,0.6,2,3,0,0.8,1.4,0.26666666666666666,1,1,3,1,0,2,Brighton & Hove Albion FC,Everton FC,2025-01-25
1,3,AWAY_WIN,0.8,2.8,0.0,0,0,5,2.2,1.0,0.8,4,0,1,0,1,0,Southampton FC,Newcastle United FC,2025-01-25
4,1,HOME_WIN,2.6,0.8,0.7333333333333333,3,2,0,0.8,2.2,0.26666666666666666,1,1,3,1,0,0,Liverpool FC,Ipswich Town FC,2025-01-25
1,1,DRAW,1.4,1.6,0.5333333333333333,2,2,1,1.0,2.6,0.4,2,0,3,2,0,1,Aston Villa FC,West Ham United FC,2025-01-26
0,1,AWAY_WIN,2.0,1.6,0.5333333333333333,2,2,1,1.2,2.0,0.26666666666666666,1,1,3,1,2,0,Fulham FC,Manchester United FC,2025-01-26
1,2,AWAY_WIN,1.4,0.4,0.7333333333333333,3,2,0,1.6,1.4,0.3333333333333333,1,2,2,1,1,1,Crystal Palace FC,Brentford FC,2025-01-26
1,2,AWAY_WIN,1.2,2.0,0.06666666666666667,0,1,4,0.4,2.2,0.0,0,0,5,0,0,1,Tottenham Hotspur FC,Leicester City FC,2025-01-26
7,0,HOME_WIN,1.8,1.6,0.6666666666666666,3,1,1,1.6,1.0,0.5333333333333333,2,2,1,0,2,1,Nottingham Forest FC,Brighton & Hove Albion FC,2025-02-01
1,2,AWAY_WIN,2.2,1.2,0.8,4,0,1,1.6,1.6,0.3333333333333333,1,2,2,2,1,0,Newcastle United FC,Fulham FC,2025-02-01
4,0,HOME_WIN,0.8,1.2,0.4,2,0,3,0.6,1.8,0.2,1,0,4,0,0,1,Everton FC,Leicester City FC,2025-02-01
1,2,AWAY_WIN,1.0,2.8,0.26666666666666666,1,1,3,1.0,3.2,0.0,0,0,5,0,0,1,Ipswich Town FC,Southampton FC,2025-02-01
2,0,HOME_WIN,0.6,2.4,0.06666666666666667,0,1,4,1.6,1.2,0.6,2,3,0,0,2,1,Wolverhampton Wanderers FC,Aston Villa FC,2025-02-01
0,2,AWAY_WIN,2.8,1.0,0.7333333333333333,3,2,0,2.8,0.8,0.7333333333333333,3,2,0,0,3,0,AFC Bournemouth,Liverpool FC,2025-02-01
0,2,AWAY_WIN,1.4,1.6,0.4666666666666667,2,1,2,1.6,0.8,0.6666666666666666,3,1,1,0,2,1,Manchester United FC,Crystal Palace FC,2025-02-02
0,2,AWAY_WIN,2.0,1.6,0.4666666666666667,2,1,2,1.4,2.2,0.06666666666666667,0,1,4,0,2,1,Brentford FC,Tottenham Hotspur FC,2025-02-02
5,1,HOME_WIN,1.8,1.0,0.7333333333333333,3,2,0,3.4,0.8,0.8666666666666667,4,1,0,1,0,2,Arsenal FC,Manchester City FC,2025-02-02
2,1,HOME_WIN,1.4,1.8,0.3333333333333333,1,2,2,1.0,2.8,0.26666666666666666,1,1,3,2,1,0,Chelsea FC,West Ham United FC,2025-02-03
2,2,DRAW,1.6,0.8,0.6,3,0,2,2.2,0.8,0.7333333333333333,3,2,0,1,1,0,Everton FC,Liverpool FC,2025-02-12
3,0,HOME_WIN,1.2,2.0,0.4666666666666667,2,1,2,1.8,1.6,0.5333333333333333,2,2,1,0,3,0,Brighton & Hove Albion FC,Chelsea FC,2025-02-14
0,2,AWAY_WIN,0.6,2.2,0.2,1,0,4,2.2,1.0,0.7333333333333333,3,2,0,0,1,0,Leicester City FC,Arsenal FC,2025-02-15
1,2,AWAY_WIN,1.6,0.6,0.6666666666666666,3,1,1,2.0,1.0,0.6666666666666666,3,1,1,0,2,1,Crystal Palace FC,Everton FC,2025-02-15
2,1,HOME_WIN,1.6,1.4,0.4666666666666667,2,1,2,2.8,1.6,0.6666666666666666,3,1,1,2,1,0,Fulham FC,Nottingham Forest FC,2025-02-15
1,3,AWAY_WIN,1.2,3.0,0.2,1,0,4,2.4,1.0,0.6666666666666666,3,1,1,0,1,0,Southampton FC,AFC Bournemouth,2025-02-15
1,1,DRAW,1.2,1.2,0.5333333333333333,2,2,1,0.8,3.2,0.06666666666666667,0,1,4,0,0,1,Aston Villa FC,Ipswich Town FC,2025-02-15
4,0,HOME_WIN,3.2,1.8,0.6666666666666666,3,1,1,2.0,1.6,0.6,3,0,2,2,0,1,Manchester City FC,Newcastle United FC,2025-02-15
0,1,AWAY_WIN,1.2,2.2,0.26666666666666666,1,1,3,1.8,1.4,0.4666666666666667,2,1,2,1,1,1,West Ham United FC,Brentford FC,2025-02-15
2,1,HOME_WIN,2.2,0.8,0.7333333333333333,3,2,0,0.6,2.0,0.2,1,0,4,3,0,0,Liverpool FC,Wolverhampton Wanderers FC,2025-02-16
1,0,HOME_WIN,1.4,1.8,0.2,1,0,4,1.4,1.6,0.4666666666666667,2,1,2,2,0,1,Tottenham Hotspur FC,Manchester United FC,2025-02-16
2,2,DRAW,1.0,1.2,0.4,1,3,1,2.4,0.8,0.8666666666666667,4,1,0,0,2,1,Aston Villa FC,Liverpool FC,2025-02-19
0,4,AWAY_WIN,0.4,2.2,0.2,1,0,4,1.0,1.4,0.4666666666666667,2,1,2,0,1,0,Leicester City FC,Brentford FC,2025-02-21
2,1,HOME_WIN,1.2,1.6,0.26666666666666666,0,4,1,1.6,2.0,0.4666666666666667,2,1,2,1,1,1,Aston Villa FC,Chelsea FC,2025-02-22
0,4,AWAY_WIN,1.4,2.6,0.2,1,0,4,1.6,1.8,0.6,3,0,2,0,0,1,Southampton FC,Brighton & Hove Albion FC,2025-02-22
0,1,AWAY_WIN,2.4,0.8,0.8666666666666667,4,1,0,1.0,1.6,0.26666666666666666,1,1,3,2,1,0,Arsenal FC,West Ham United FC,2025-02-22
0,2,AWAY_WIN,1.6,1.2,0.6,3,0,2,1.6,0.8,0.6,3,0,2,1,0,2,Fulham FC,Crystal Palace FC,2025-02-22
1,4,AWAY_WIN,0.6,3.0,0.06666666666666667,0,1,4,1.4,1.4,0.4,2,0,3,1,0,0,Ipswich Town FC,Tottenham Hotspur FC,2025-02-22
2,2,DRAW,2.4,1.0,0.8666666666666667,4,1,0,1.0,1.4,0.4,2,0,3,0,3,0,Everton FC,Manchester United FC,2025-02-22
0,1,AWAY_WIN,2.8,1.2,0.6666666666666666,3,1,1,0.8,1.8,0.2,1,0,4,2,1,0,AFC Bournemouth,Wolverhampton Wanderers FC,2025-02-22
4,3,HOME_WIN,1.6,2.2,0.4,2,0,3,2.4,2.0,0.4666666666666667,2,1,2,2,1,0,Newcastle United FC,Nottingham Forest FC,2025-02-23
0,2,AWAY_WIN,3.2,1.6,0.6666666666666666,3,1,1,2.4,1.2,0.7333333333333333,3,2,0,0,1,2,Manchester City FC,Liverpool FC,2025-02-23
4,0,HOME_WIN,1.4,2.0,0.4,2,0,3,1.2,2.8,0.2,1,0,4,1,0,0,Chelsea FC,Southampton FC,2025-02-25
4,1,HOME_WIN,1.6,0.8,0.6,3,0,2,1.2,1.4,0.4,1,3,1,1,1,1,Crystal Palace FC,Aston Villa FC,2025-02-25
2,1,HOME_WIN,2.0,1.8,0.6,3,0,2,2.4,1.0,0.6,3,0,2,2,1,0,Brighton & Hove Albion FC,AFC Bournemouth,2025-02-25
1,2,AWAY_WIN,1.0,1.2,0.4,2,0,3,1.2,1.0,0.6,3,0,2,2,1,0,Wolverhampton Wanderers FC,Fulham FC,2025-02-25
2,0,HOME_WIN,2.0,1.0,0.7333333333333333,3,2,0,1.8,2.8,0.4,2,0,3,2,0,1,Liverpool FC,Newcastle United FC,2025-02-26
0,0,DRAW,2.8,2.6,0.4,2,0,3,2.0,0.8,0.6666666666666666,3,1,1,0,3,0,Nottingham Forest FC,Arsenal FC,2025-02-26
0,1,AWAY_WIN,2.0,1.2,0.6,3,0,2,2.8,1.6,0.6,3,0,2,1,1,1,Tottenham Hotspur FC,Manchester City FC,2025-02-26
1,1,DRAW,1.4,1.0,0.6,3,0,2,2.2,1.0,0.7333333333333333,3,2,0,0,2,1,Brentford FC,Everton FC,2025-02-26
3,2,HOME_WIN,0.8,1.6,0.26666666666666666,1,1,3,0.8,3.4,0.06666666666666667,0,1,4,0,0,1,Manchester United FC,Ipswich Town FC,2025-02-26
2,0,HOME_WIN,0.6,1.2,0.26666666666666666,1,1,3,0.4,2.6,0.2,1,0,4,0,1,0,West Ham United FC,Leicester City FC,2025-02-27
1,0,HOME_WIN,2.2,2.2,0.26666666666666666,1,1,3,1.8,1.6,0.6,3,0,2,0,3,0,Nottingham Forest FC,Manchester City FC,2025-03-08
2,1,HOME_WIN,1.8,1.8,0.6,3,0,2,1.2,1.2,0.6,3,0,2,0,2,1,Brighton & Hove Albion FC,Fulham FC,2025-03-08
1,0,HOME_WIN,2.0,1.0,0.6,3,0,2,1.2,2.8,0.06666666666666667,0,1,4,1,0,0,Crystal Palace FC,Ipswich Town FC,2025-03-08
0,1,AWAY_WIN,1.6,0.8,0.6666666666666666,3,1,1,1.2,2.0,0.3333333333333333,1,2,2,0,2,1,Brentford FC,Aston Villa FC,2025-03-08
1,1,DRAW,1.0,1.0,0.4,2,0,3,2.2,1.2,0.6,2,3,0,2,1,0,Wolverhampton Wanderers FC,Everton FC,2025-03-08
3,1,HOME_WIN,2.0,1.0,0.7333333333333333,3,2,0,0.8,3.0,0.2,1,0,4,1,0,0,Liverpool FC,Southampton FC,2025-03-08
2,2,DRAW,1.6,0.8,0.6,3,0,2,1.8,1.2,0.4,2,0,3,2,1,0,Tottenham Hotspur FC,AFC Bournemouth,2025-03-09
1,0,HOME_WIN,1.6,1.8,0.4,2,0,3,0.4,2.6,0.2,1,0,4,1,0,0,Chelsea FC,Leicester City FC,2025-03-09
1,1,DRAW,1.2,1.4,0.4666666666666667,2,1,2,1.6,0.4,0.6666666666666666,3,1,1,0,3,0,Manchester United FC,Arsenal FC,2025-03-09
0,1,AWAY_WIN,1.0,0.8,0.4666666666666667,2,1,2,1.6,2.4,0.4,2,0,3,1,1,1,West Ham United FC,Newcastle United FC,2025-03-10
1,2,AWAY_WIN,1.2,1.6,0.26666666666666666,1,1,3,1.2,0.8,0.4666666666666667,2,1,2,0,2,1,AFC Bournemouth,Brentford FC,2025-03-15
2,2,DRAW,1.2,1.6,0.4,2,0,3,2.2,1.8,0.8,4,0,1,2,1,0,Manchester City FC,Brighton & Hove Albion FC,2025-03-15
2,4,AWAY_WIN,1.0,2.2,0.06666666666666667,0,1,4,2.4,1.2,0.4666666666666667,2,1,2,0,1,0,Ipswich Town FC,Nottingham Forest FC,2025-03-15
1,2,AWAY_WIN,0.8,3.0,0.2,1,0,4,1.2,1.0,0.4666666666666667,2,1,2,0,1,0,Southampton FC,Wolverhampton Wanderers FC,2025-03-15
1,1,DRAW,1.6,1.4,0.4666666666666667,1,4,0,0.8,0.8,0.4,2,0,3,1,1,1,Everton FC,West Ham United FC,2025-03-15
0,3,AWAY_WIN,0.0,2.6,0.0,0,0,5,1.2,1.6,0.3333333333333333,1,2,2,0,1,0,Leicester City FC,Manchester United FC,2025-03-16
2,0,HOME_WIN,1.4,1.4,0.6,3,0,2,1.8,0.8,0.6666666666666666,3,1,1,1,1,1,Fulham FC,Tottenham Hotspur FC,2025-03-16
1,0,HOME_WIN,1.6,0.6,0.5333333333333333,2,2,1,1.6,1.2,0.6,3,0,2,1,0,2,Arsenal FC,Chelsea FC,2025-03-16
1,0,HOME_WIN,1.8,1.6,0.4666666666666667,2,1,2,1.8,1.2,0.5333333333333333,2,2,1,2,1,0,Nottingham Forest FC,Manchester United FC,2025-04-01
1,0,HOME_WIN,1.2,1.2,0.4666666666666667,2,1,2,0.8,0.6,0.4666666666666667,2,1,2,0,3,0,Wolverhampton Wanderers FC,West Ham United FC,2025-04-01
2,1,HOME_WIN,0.8,0.4,0.5333333333333333,2,2,1,1.4,1.2,0.6,3,0,2,0,1,2,Arsenal FC,Fulham FC,2025-04-01
1,2,AWAY_WIN,1.4,1.6,0.26666666666666666,1,1,3,1.2,2.6,0.06666666666666667,0,1,4,1,0,0,AFC Bournemouth,Ipswich Town FC,2025-04-02
0,3,AWAY_WIN,2.6,0.8,0.8666666666666667,4,1,0,1.4,1.6,0.5333333333333333,2,2,1,1,1,1,Brighton & Hove Albion FC,Aston Villa FC,2025-04-02
2,0,HOME_WIN,1.4,1.0,0.4666666666666667,2,1,2,0.0,2.4,0.0,0,0,5,1,0,0,Manchester City FC,Leicester City FC,2025-04-02
2,1,HOME_WIN,1.2,2.2,0.4,2,0,3,1.6,0.6,0.6666666666666666,3,1,1,2,1,0,Newcastle United FC,Brentford FC,2025-04-02
1,1,DRAW,0.6,3.2,0.0,0,0,5,2.0,0.6,0.8,4,0,1,0,1,0,Southampton FC,Crystal Palace FC,2025-04-02
1,0,HOME_WIN,2.2,0.8,0.8666666666666667,4,1,0,1.4,1.2,0.4666666666666667,1,4,0,1,1,1,Liverpool FC,Everton FC,2025-04-02
1,0,HOME_WIN,1.2,1.2,0.4,2,0,3,1.4,1.2,0.4666666666666667,2,1,2,3,0,0,Chelsea FC,Tottenham Hotspur FC,2025-04-03
1,1,DRAW,1.0,1.2,0.26666666666666666,0,4,1,0.8,0.6,0.5333333333333333,2,2,1,0,2,1,Everton FC,Arsenal FC,2025-04-05
2,1,HOME_WIN,1.8,0.8,0.6666666666666666,3,1,1,2.0,1.4,0.6666666666666666,3,1,1,1,1,1,Crystal Palace FC,Brighton & Hove Albion FC,2025-04-05
1,2,AWAY_WIN,1.4,2.6,0.2,1,0,4,1.2,0.8,0.6666666666666666,3,1,1,1,0,0,Ipswich Town FC,Wolverhampton Wanderers FC,2025-04-05
2,2,DRAW,0.8,0.6,0.4666666666666667,2,1,2,1.0,1.8,0.06666666666666667,0,1,4,0,0,3,West Ham United FC,AFC Bournemouth,2025-04-05
2,1,HOME_WIN,1.8,1.4,0.6666666666666666,3,1,1,1.8,1.2,0.6666666666666666,3,1,1,1,2,0,Aston Villa FC,Nottingham Forest FC,2025-04-05
0,0,DRAW,1.8,1.2,0.5333333333333333,2,2,1,1.0,1.0,0.4666666666666667,2,1,2,1,2,0,Manchester United FC,Manchester City FC,2025-04-06
3,2,HOME_WIN,1.2,1.4,0.4,2,0,3,2.0,0.6,0.8666666666666667,4,1,0,0,2,1,Fulham FC,Liverpool FC,2025-04-06
0,0,DRAW,1.6,1.0,0.4666666666666667,2,1,2,1.4,0.6,0.6,3,0,2,1,1,1,Brentford FC,Chelsea FC,2025-04-06
3,1,HOME_WIN,1.2,1.4,0.26666666666666666,1,1,3,0.6,2.8,0.06666666666666667,0,1,4,1,0,0,Tottenham Hotspur FC,Southampton FC,2025-04-06
0,3,AWAY_WIN,0.0,2.4,0.0,0,0,5,1.4,2.0,0.6,3,0,2,0,1,0,Leicester City FC,Newcastle United FC,2025-04-07
0,1,AWAY_WIN,1.4,0.8,0.6666666666666666,3,1,1,0.8,1.0,0.26666666666666666,0,4,1,1,2,0,Nottingham Forest FC,Everton FC,2025-04-12
0,3,AWAY_WIN,0.8,2.6,0.06666666666666667,0,1,4,1.8,1.2,0.8,4,0,1,0,1,0,Southampton FC,Aston Villa FC,2025-04-12
1,1,DRAW,1.0,0.6,0.6,2,3,0,0.8,1.0,0.3333333333333333,1,2,2,3,0,0,Arsenal FC,Brentford FC,2025-04-12
5,2,HOME_WIN,1.0,0.6,0.5333333333333333,2,2,1,2.0,0.6,0.8666666666666667,4,1,0,1,0,2,Manchester City FC,Crystal Palace FC,2025-04-12
2,2,DRAW,1.4,1.8,0.4666666666666667,2,1,2,0.0,2.2,0.0,0,0,5,0,0,1,Brighton & Hove Albion FC,Leicester City FC,2025-04-12
2,2,DRAW,1.2,0.2,0.6666666666666666,3,1,1,1.4,2.2,0.2,1,0,4,0,1,0,Chelsea FC,Ipswich Town FC,2025-04-13
2,1,HOME_WIN,2.0,0.8,0.8,4,0,1,1.0,1.0,0.3333333333333333,1,2,2,2,0,1,Liverpool FC,West Ham United FC,2025-04-13
4,1,HOME_WIN,2.0,1.2,0.8,4,0,1,1.4,0.8,0.5333333333333333,2,2,1,2,1,0,Newcastle United FC,Manchester United FC,2025-04-13
4,2,HOME_WIN,1.4,1.0,0.6666666666666666,3,1,1,1.0,1.4,0.26666666666666666,1,1,3,2,0,1,Wolverhampton Wanderers FC,Tottenham Hotspur FC,2025-04-13
1,0,HOME_WIN,1.4,2.0,0.13333333333333333,0,2,3,1.8,1.4,0.6,3,0,2,1,1,1,AFC Bournemouth,Fulham FC,2025-04-14
5,0,HOME_WIN,2.0,0.8,0.8,4,0,1,2.0,1.6,0.6666666666666666,3,1,1,1,1,1,Newcastle United FC,Crystal Palace FC,2025-04-16
4,2,HOME_WIN,0.8,1.0,0.3333333333333333,1,2,2,1.4,2.0,0.3333333333333333,1,2,2,0,1,2,Brentford FC,Brighton & Hove Albion FC,2025-04-19
0,0,DRAW,1.2,2.4,0.4666666666666667,2,1,2,1.4,1.6,0.3333333333333333,1,2,2,0,2,1,Crystal Palace FC,AFC Bournemouth,2025-04-19
0,2,AWAY_WIN,0.8,0.8,0.4,1,3,1,1.8,1.0,0.5333333333333333,2,2,1,0,2,1,Everton FC,Manchester City FC,2025-04-19
1,1,DRAW,0.8,1.4,0.13333333333333333,0,2,3,0.8,2.4,0.06666666666666667,0,1,4,1,0,0,West Ham United FC,Southampton FC,2025-04-19
4,1,HOME_WIN,2.0,1.0,0.8,4,0,1,3.0,0.4,1.0,5,0,0,0,3,0,Aston Villa FC,Newcastle United FC,2025-04-19
0,1,AWAY_WIN,0.4,2.2,0.06666666666666667,0,1,4,2.0,1.0,0.8,4,0,1,0,1,0,Leicester City FC,Liverpool FC,2025-04-20
0,4,AWAY_WIN,1.4,2.0,0.26666666666666666,1,1,3,1.2,0.8,0.6,2,3,0,0,1,0,Ipswich Town FC,Arsenal FC,2025-04-20
1,2,AWAY_WIN,1.4,1.4,0.4,2,0,3,0.8,0.6,0.5333333333333333,2,2,1,1,2,0,Fulham FC,Chelsea FC,2025-04-20
0,1,AWAY_WIN,1.0,1.2,0.3333333333333333,1,2,2,2.0,1.0,0.8666666666666667,4,1,0,2,1,0,Manchester United FC,Wolverhampton Wanderers FC,2025-04-20
1,2,AWAY_WIN,1.4,2.0,0.26666666666666666,1,1,3,1.4,1.0,0.6,3,0,2,2,1,0,Tottenham Hotspur FC,Nottingham Forest FC,2025-04-21
2,1,HOME_WIN,2.2,0.8,0.7333333333333333,3,2,0,2.6,0.4,1.0,5,0,0,1,2,0,Manchester City FC,Aston Villa FC,2025-04-22
2,2,DRAW,1.8,0.6,0.7333333333333333,3,2,0,1.0,2.4,0.3333333333333333,1,2,2,3,0,0,Arsenal FC,Crystal Palace FC,2025-04-23
3,0,HOME_WIN,2.0,0.8,1.0,5,0,0,0.4,2.2,0.06666666666666667,0,1,4,1,0,0,Wolverhampton Wanderers FC,Leicester City FC,2025-04-26
1,0,HOME_WIN,1.0,0.8,0.5333333333333333,2,2,1,0.6,1.0,0.3333333333333333,1,2,2,1,1,1,Chelsea FC,Everton FC,2025-04-26
3,0,HOME_WIN,3.0,1.2,0.8,4,0,1,1.4,2.6,0.26666666666666666,1,1,3,1,0,0,Newcastle United FC,Ipswich Town FC,2025-04-26
3,2,HOME_WIN,1.4,2.6,0.13333333333333333,0,2,3,1.0,1.4,0.2,0,3,2,0,1,2,Brighton & Hove Albion FC,West Ham United FC,2025-04-26
1,2,AWAY_WIN,0.8,2.0,0.13333333333333333,0,2,3,1.4,1.4,0.4,2,0,3,0,0,1,Southampton FC,Fulham FC,2025-04-26
1,1,DRAW,1.0,1.2,0.3333333333333333,1,2,2,0.8,1.2,0.26666666666666666,1,1,3,2,0,1,AFC Bournemouth,Manchester United FC,2025-04-27
5,1,HOME_WIN,1.8,1.0,0.8,4,0,1,1.2,2.0,0.2,1,0,4,2,1,0,Liverpool FC,Tottenham Hotspur FC,2025-04-27
0,2,AWAY_WIN,1.6,1.2,0.6,3,0,2,1.6,1.2,0.5333333333333333,2,2,1,1,1,1,Nottingham Forest FC,Brentford FC,2025-05-01
1,0,HOME_WIN,2.2,0.6,0.8666666666666667,4,1,0,2.2,0.6,1.0,5,0,0,2,1,0,Manchester City FC,Wolverhampton Wanderers FC,2025-05-02
2,2,DRAW,0.4,1.0,0.26666666666666666,1,1,3,1.0,2.4,0.26666666666666666,1,1,3,1,0,0,Everton FC,Ipswich Town FC,2025-05-03
2,0,HOME_WIN,0.4,2.2,0.06666666666666667,0,1,4,0.8,2.0,0.13333333333333333,0,2,3,1,0,0,Leicester City FC,Southampton FC,2025-05-03
1,2,AWAY_WIN,2.0,1.0,0.6,2,3,0,1.0,1.0,0.4,1,3,1,2,1,0,Arsenal FC,AFC Bournemouth,2025-05-03
1,0,HOME_WIN,2.6,0.8,0.8,4,0,1,1.4,1.6,0.4,2,0,3,3,0,0,Aston Villa FC,Fulham FC,2025-05-03
4,3,HOME_WIN,1.6,1.0,0.5333333333333333,2,2,1,0.4,1.4,0.13333333333333333,0,2,3,0,2,1,Brentford FC,Manchester United FC,2025-05-04
1,1,DRAW,1.6,2.6,0.26666666666666666,1,1,3,3.2,1.0,0.8,4,0,1,2,0,1,Brighton & Hove Albion FC,Newcastle United FC,2025-05-04
1,1,DRAW,1.2,1.8,0.13333333333333333,0,2,3,1.4,2.6,0.2,1,0,4,1,1,1,West Ham United FC,Tottenham Hotspur FC,2025-05-04
3,1,HOME_WIN,1.2,0.6,0.7333333333333333,3,2,0,2.2,1.0,0.8,4,0,1,0,2,1,Chelsea FC,Liverpool FC,2025-05-04
1,1,DRAW,1.2,2.6,0.3333333333333333,1,2,2,0.8,1.2,0.4,2,0,3,0,1,2,Crystal Palace FC,Nottingham Forest FC,2025-05-05
0,0,DRAW,0.6,2.2,0.06666666666666667,0,1,4,2.0,0.6,0.8666666666666667,4,1,0,0,1,0,Southampton FC,Manchester City FC,2025-05-10
1,3,AWAY_WIN,1.2,1.4,0.4,2,0,3,0.8,1.2,0.3333333333333333,1,2,2,1,0,2,Fulham FC,Everton FC,2025-05-10
0,1,AWAY_WIN,1.0,2.6,0.13333333333333333,0,2,3,2.2,1.2,0.7333333333333333,3,2,0,0,1,0,Ipswich Town FC,Brentford FC,2025-05-10
0,1,AWAY_WIN,1.2,0.8,0.6,2,3,0,2.2,0.8,0.8,4,0,1,0,1,2,AFC Bournemouth,Aston Villa FC,2025-05-10
0,2,AWAY_WIN,2.0,0.8,0.8,4,0,1,1.8,2.2,0.3333333333333333,1,2,2,0,1,2,Wolverhampton Wanderers FC,Brighton & Hove Albion FC,2025-05-10
2,0,HOME_WIN,2.8,1.2,0.6666666666666666,3,1,1,1.6,0.8,0.7333333333333333,3,2,0,1,2,0,Newcastle United FC,Chelsea FC,2025-05-11
0,2,AWAY_WIN,1.0,2.0,0.13333333333333333,0,2,3,1.4,1.8,0.2,0,3,2,1,2,0,Manchester United FC,West Ham United FC,2025-05-11
2,2,DRAW,0.8,1.4,0.26666666666666666,1,1,3,0.8,1.8,0.26666666666666666,1,1,3,1,0,0,Nottingham Forest FC,Leicester City FC,2025-05-11
0,2,AWAY_WIN,1.6,2.6,0.26666666666666666,1,1,3,1.0,2.6,0.2,0,3,2,2,1,0,Tottenham Hotspur FC,Crystal Palace FC,2025-05-11
2,2,DRAW,2.2,1.6,0.6,3,0,2,1.8,1.2,0.4,1,3,1,0,1,2,Liverpool FC,Arsenal FC,2025-05-11
1,0,HOME_WIN,1.6,1.2,0.6666666666666666,3,1,1,1.0,2.4,0.06666666666666667,0,1,4,1,1,1,Chelsea FC,Manchester United FC,2025-05-16
2,0,HOME_WIN,2.0,0.6,0.8,4,0,1,1.0,2.8,0.06666666666666667,0,1,4,1,2,0,Aston Villa FC,Tottenham Hotspur FC,2025-05-16
2,3,AWAY_WIN,2.4,1.2,0.8666666666666667,4,1,0,0.8,1.6,0.2,1,0,4,1,1,1,Brentford FC,Fulham FC,2025-05-18
2,0,HOME_WIN,1.2,1.6,0.3333333333333333,1,2,2,0.8,2.4,0.13333333333333333,0,2,3,0,0,1,Leicester City FC,Ipswich Town FC,2025-05-18
1,0,HOME_WIN,2.0,1.4,0.4,1,3,1,2.4,1.0,0.6666666666666666,3,1,1,1,2,0,Arsenal FC,Newcastle United FC,2025-05-18
2,0,HOME_WIN,1.2,1.2,0.4666666666666667,2,1,2,0.4,1.6,0.13333333333333333,0,2,3,0,1,0,Everton FC,Southampton FC,2025-05-18
1,2,AWAY_WIN,1.4,1.4,0.3333333333333333,1,2,2,1.0,1.4,0.3333333333333333,1,2,2,1,2,0,West Ham United FC,Nottingham Forest FC,2025-05-18
3,2,HOME_WIN,2.0,1.8,0.5333333333333333,2,2,1,2.2,1.4,0.6666666666666666,3,1,1,0,2,1,Brighton & Hove Albion FC,Liverpool FC,2025-05-19
4,2,HOME_WIN,1.0,1.6,0.4,1,3,1,1.6,1.0,0.6,3,0,2,2,0,1,Crystal Palace FC,Wolverhampton Wanderers FC,2025-05-20
3,1,HOME_WIN,2.0,0.6,0.8666666666666667,4,1,0,0.8,0.6,0.5333333333333333,2,2,1,2,1,0,Manchester City FC,AFC Bournemouth,2025-05-20
1,2,AWAY_WIN,0.4,1.4,0.13333333333333333,0,2,3,2.0,1.2,0.5333333333333333,2,2,1,0,1,0,Southampton FC,Arsenal FC,2025-05-25
2,0,HOME_WIN,0.8,1.2,0.3333333333333333,1,2,2,1.2,1.2,0.4666666666666667,2,1,2,0,1,0,AFC Bournemouth,Leicester City FC,2025-05-25
0,2,AWAY_WIN,1.4,1.8,0.4,2,0,3,1.6,0.4,0.8666666666666667,4,1,0,0,3,0,Fulham FC,Manchester City FC,2025-05-25
1,3,AWAY_WIN,0.4,2.4,0.06666666666666667,0,1,4,1.4,1.4,0.3333333333333333,1,2,2,0,1,0,Ipswich Town FC,West Ham United FC,2025-05-25
1,1,DRAW,2.2,1.8,0.4666666666666667,2,1,2,1.8,1.0,0.6,2,3,0,2,1,0,Liverpool FC,Crystal Palace FC,2025-05-25
2,0,HOME_WIN,0.8,1.8,0.06666666666666667,0,1,4,1.8,0.6,0.8,4,0,1,2,0,1,Manchester United FC,Aston Villa FC,2025-05-25
0,1,AWAY_WIN,1.4,1.2,0.4666666666666667,2,1,2,1.4,1.2,0.4666666666666667,2,1,2,0,1,2,Newcastle United FC,Everton FC,2025-05-25
0,1,AWAY_WIN,1.4,1.4,0.5333333333333333,2,2,1,1.4,0.8,0.8,4,0,1,1,1,1,Nottingham Forest FC,Chelsea FC,2025-05-25
1,4,AWAY_WIN,0.6,2.4,0.06666666666666667,0,1,4,2.2,1.8,0.6666666666666666,3,1,1,1,2,0,Tottenham Hotspur FC,Brighton & Hove Albion FC,2025-05-25
1,1,DRAW,1.2,1.4,0.4,2,0,3,2.6,1.6,0.8,4,0,1,1,2,0,Wolverhampton Wanderers FC,Brentford FC,2025-05-25
